id,title,slug,category,published_date,published_date_iso,excerpt,content_plain_text,article_url,canonical_url,image_url_primary,image_urls,source_page_title,meta_title_seo_suggestion,meta_description_seo_suggestion
1,"5 điều cần biết khi đi xe máy dưới trời mưa phùn, sương mù",5-dieu-can-biet-khi-di-xe-may-duoi-troi-mua-phun-suong-mu,Tin tức mới,09/03/2021,2021-03-09,"Kiểu thời tiết ẩm ương này khiến người đi xe máy cực kỳ khó chịu vì vừa ướt vừa bẩn. Hà Nội và miền Bắc, Bắc Trung bộ nước ta đang bước vào thời kỳ mưa...","Kiểu thời tiết ẩm ương này khiến người đi xe máy cực kỳ khó chịu vì vừa ướt vừa bẩn.
Hà Nội và miền Bắc, Bắc Trung bộ nước ta đang bước vào thời kỳ mưa phùn kéo dài kết hợp với tình trạng sương mù thường thấy của kiểu thời tiết giao mùa giữa xuân và hạ. Cùng với việc tạo ra những phiền toái với cuộc sống như quần áo lâu khô, sàn nhà ướt nhẹp thì kiểu thời tiết này cũng gây ra những bất tiện cho người tham gia giao thông, đặc biệt là người đi xe máy.
Vậy cần lưu ý những gì để di chuyển an toàn dưới thời tiết mưa phùn, sương mù?
1. Làm chủ tốc độ
Khi gặp trời mưa, tâm lý của nhiều người luôn muốn đi nhanh để tránh ướt, tuy nhiên điều này lại gián tiếp gây ra sự mất an toàn khi tham gia giao thông do không làm chủ được tốc độ, đặc biệt khi tầm nhìn bị hạn chế do mưa và mặc áo mưa khiến những va chạm càng dễ xảy ra hơn.
Không nên đi quá chậm mà nên đi với tốc độ cho phép của luật và cảm thấy mình làm chủ được xe một cách tốt nhất ở tốc độ đó.
2. Chọn loại áo mưa phù hợp
Tại các thành phố lớn, áo mưa 2 mảnh được nhiều người đi xe máy lựa chọn bởi dễ dàng khi mặc, cởi, đồng thời giúp che kín cả xe. Nếu quãng đường thường xuyên đi qua đường quốc lộ có xe tải, xe khách thì nên dùng bộ áo và quần riêng để tránh nguy cơ bị gió hút hoặc đẩy ngã.
Bên cạnh áo mưa, có thể tham khảo bọc giày, dép đi mưa và găng tay phù hợp.
3. Mở đèn sương mù hoặc đèn chiếu thấp
Trời mưa phùn khiến tầm nhìn bị hạn chế. Người đi xe máy nên bật đèn sương mù hoặc đèn cos để các xe ngược chiều dễ nhận diện. Không nên để áo mưa che mất đèn xe.
4. Lưu ý khi phanh xe
Khi phanh gấp dưới trời mưa, bóp chặt riêng phanh trước có thể gây bó cứng phanh và làm đổ xe. Nếu xe không có ABS, nên phối hợp cả hai phanh để lực phanh đều trên hai bánh.
5. Đối với người cận thị
Nên chọn mũ bảo hiểm có kính chắn gió, khẩu trang 3D ôm mặt và thoát khí tốt, đồng thời tham khảo kính cận có khả năng chống mờ, chống hơi nước.
Mong rằng những thông tin trên giúp người đi xe máy an toàn hơn khi di chuyển dưới trời mưa phùn, sương mù.",https://keybolts.com.vn/5-dieu-can-biet-khi-di-xe-may-duoi-troi-mua-phun-suong-mu,https://keybolts.com.vn/5-dieu-can-biet-khi-di-xe-may-duoi-troi-mua-phun-suong-mu,https://cdn.24h.com.vn/upload/1-2021/images/2021-03-08/di-xe-may-troi-suong-mu-1615175606-397-width660height437.jpg,https://cdn.24h.com.vn/upload/1-2021/images/2021-03-08/di-xe-may-troi-suong-mu-1615175606-397-width660height437.jpg | https://cdn.24h.com.vn/upload/1-2021/images/2021-03-08/di-troi-mua-1615175631-523-width660height496.jpg,"5 điều cần biết khi đi xe máy dưới trời mưa phùn, sương mù | Công Ty Cổ Phần Sản Xuất - Thương Mại và Dịch Vụ Việt Long Bắc Ninh",5 điều cần biết khi đi xe máy dưới trời mưa phùn | Keybolts,"Kiểu thời tiết ẩm ương này khiến người đi xe máy cực kỳ khó chịu vì vừa ướt vừa bẩn. Hà Nội và miền Bắc, Bắc Trung bộ nước ta đang bước vào thời kỳ mưa..."
2,DÒNG KHÓA THÔNG MINH TÍCH HỢP 4 TRONG 1-KB 9310 RG,dong-khoa-thong-minh-tich-hop-4-trong-1-kb-9310-rg,Tin tức mới,11/07/2019,2019-07-11,DÒNG KHÓA THÔNG MINH TÍCH HỢP 4 TRONG 1 SANG TRỌNG HƠN - HIỆN ĐẠI HƠN. KB 9310 RG đã chinh phục người tiêu dùng như thế nào? Vượt qua các bài kiểm tra...,"DÒNG KHÓA THÔNG MINH TÍCH HỢP 4 TRONG 1
SANG TRỌNG HƠN - HIỆN ĐẠI HƠN.
KB 9310 RG đã chinh phục người tiêu dùng như thế nào?
Vượt qua các bài kiểm tra tiêu chuẩn:
- Thử nghiệm phun muối trung tính trong 96 giờ liên tục.
- 100 lần thử nghiệm lưới, không bong tróc hoặc rơi ra.
- Độ cứng ở mức 4H, không trầy xước.
Chế độ mở cửa thông minh, dễ dàng sử dụng:
- Vân tay: công nghệ xác minh vân tay bằng điện dung trực tiếp, tốc độ cảm biến 0,3 giây.
- Mật mã: mật khẩu ảo giúp ngăn chặn nhìn trộm; mật khẩu gồm 6-12 chữ số và cho phép nhập tới 30 chữ số.
- Thẻ từ: công nghệ thẻ từ được mã hóa, chống sao chép.
- Chìa cơ: dùng để mở cửa và thay thế pin trong trường hợp khẩn cấp.",https://keybolts.com.vn/dong-khoa-thong-minh-tich-hop-4-trong-1-kb-9310-rg,https://keybolts.com.vn/dong-khoa-thong-minh-tich-hop-4-trong-1-kb-9310-rg,,,"Khóa thẻ từ,khóa vân tay cao cấp,khóa cửa thông minh công nghệ 4.0,khóa cửa khách sạn,khóa cửa keybolts việt nam",DÒNG KHÓA THÔNG MINH TÍCH HỢP 4 TRONG 1-KB 9310 | Keybolts,DÒNG KHÓA THÔNG MINH TÍCH HỢP 4 TRONG 1 SANG TRỌNG HƠN - HIỆN ĐẠI HƠN. KB 9310 RG đã chinh phục người tiêu dùng như thế nào? Vượt qua các bài kiểm tra...
3,HƯỚNG DẪN CHỌN TAY NẮM CỬA PHÙ HỢP (P2),huong-dan-chon-tay-nam-cua-phu-hop-p2,Tin tức mới,11/07/2019,2019-07-11,"Khóa tay nắm tròn hoặc vuông Ưu điểm: Các khóa nắm tròn được sử dụng khá phổ biến. Chúng đòi hỏi người dùng nắm chặt và vặn cổ tay để hoạt động, đồng...","Khóa tay nắm tròn hoặc vuông
Ưu điểm:
Các khóa nắm tròn được sử dụng khá phổ biến. Chúng đòi hỏi người dùng nắm chặt và vặn cổ tay để hoạt động, đồng thời hữu hiệu trong việc hạn chế trẻ nhỏ tự mở cửa.
Hạn chế:
Tay nắm tròn có thể khó sử dụng đối với người bị viêm khớp, đặc biệt là người già. Vì vậy đây không phải lựa chọn tối ưu nếu gia đình có người lớn tuổi.
Khóa tay gạt - khóa đồng cửa gỗ
Ưu điểm:
Đây là lựa chọn tốt hơn cho người khó sử dụng tay nắm tròn hoặc vuông. Khóa tay gạt dễ cầm nắm, cần ít lực và có thể mở bằng một cú đẩy từ khuỷu tay.
Hạn chế:
Tay gạt nhô ra có thể tạo nguy cơ va chạm với trẻ nhỏ.
Khóa tay cầm đi kèm chốt chết - khóa đồng cửa gỗ đại sảnh
Ưu điểm:
Thường dùng ở cửa ra vào hoặc cửa trước. Tay cầm không có khóa mà đi kèm chốt chết phù hợp, dễ mở và giảm nhu cầu bảo dưỡng do có nhiều người ra vào.
Hạn chế:
Tay cầm yêu cầu ấn ngón tay cái xuống chốt để mở, có thể gây khó chịu cho người bị hạn chế vận động.
Kết luận:
Mỗi loại tay nắm đều có ưu và nhược điểm. Với gia đình có người già và trẻ nhỏ, có thể chọn khóa tay gạt cho cửa thông phòng và khóa tay cầm cho cửa chính.",https://keybolts.com.vn/huong-dan-chon-tay-nam-cua-phu-hop-p2,https://keybolts.com.vn/huong-dan-chon-tay-nam-cua-phu-hop-p2,,,"Khóa cửa cao cấp,khóa cửa gỗ,khóa cửa-phụ kiện cửa tốt nhất",HƯỚNG DẪN CHỌN TAY NẮM CỬA PHÙ HỢP (P2) | Keybolts,"Khóa tay nắm tròn hoặc vuông Ưu điểm: Các khóa nắm tròn được sử dụng khá phổ biến. Chúng đòi hỏi người dùng nắm chặt và vặn cổ tay để hoạt động, đồng..."
4,HƯỚNG DẪN CHỌN TAY NẮM CỬA PHÙ HỢP (P1),huong-dan-chon-tay-nam-cua-phu-hop-p1,Tin tức mới,04/07/2019,2019-07-04,Một vị khách đến cửa hàng và muốn tìm loại khóa cửa phù hợp vì nhà có người già và trẻ con. Bài viết chia sẻ kinh nghiệm chọn khóa cửa dựa trên ba yếu...,"Một vị khách đến cửa hàng và muốn tìm loại khóa cửa phù hợp vì nhà có người già và trẻ con. Bài viết chia sẻ kinh nghiệm chọn khóa cửa dựa trên ba yếu tố liên quan đến tay nắm cửa.
1. Khách hàng nhìn thấy gì?
Tay nắm cửa có thể tác động đến cái nhìn tổng thể của ngôi nhà. Cần xem xét chủ đề, phong cách kiến trúc và nội thất. Một núm bằng đồng cổ điển có thể không phù hợp với ngôi nhà hiện đại và kiểu dáng tối giản.
2. Khách hàng cảm nhận như thế nào?
Cảm giác khi cầm tay nắm rất quan trọng vì nó được sử dụng nhiều lần mỗi ngày. Không nên mua tay cầm gây khó chịu hoặc khó sử dụng. Cần xem xét người sử dụng cửa và các giới hạn vận động có thể có.
3. Khả năng chi trả
Nên đến showroom khóa cửa uy tín để trải nghiệm và nhận tư vấn kỹ lưỡng, từ đó chọn loại khóa phù hợp với ngân sách.
Phần tiếp theo sẽ phân tích ưu và nhược điểm của từng loại tay nắm cửa.",https://keybolts.com.vn/huong-dan-chon-tay-nam-cua-phu-hop-p1,https://keybolts.com.vn/huong-dan-chon-tay-nam-cua-phu-hop-p1,,,HƯỚNG DẪN CHỌN TAY NẮM CỬA PHÙ HỢP (P1) | Công Ty Cổ Phần Sản Xuất - Thương Mại và Dịch Vụ Việt Long Bắc Ninh,HƯỚNG DẪN CHỌN TAY NẮM CỬA PHÙ HỢP (P1) | Keybolts,Một vị khách đến cửa hàng và muốn tìm loại khóa cửa phù hợp vì nhà có người già và trẻ con. Bài viết chia sẻ kinh nghiệm chọn khóa cửa dựa trên ba yếu...
5,CREMONE-PHỤ KIỆN THAY THẾ KHÓA CHỐNG TRỘM,cremone-phu-kien-thay-the-khoa-chong-trom,Tin tức mới,18/04/2019,2019-04-18,"CREMONE giải quyết nỗi lo như thế nào? Trong mùa mưa gió, cremone giúp cố định cánh cửa, tránh va đập mạnh gây nguy hiểm cho người lớn và trẻ nhỏ, đồng...","CREMONE giải quyết nỗi lo như thế nào?
Trong mùa mưa gió, cremone giúp cố định cánh cửa, tránh va đập mạnh gây nguy hiểm cho người lớn và trẻ nhỏ, đồng thời hạn chế trầy xước cánh cửa khi không muốn mở toàn bộ các cánh.
Khi đóng hết cửa, cremone kết hợp cùng khóa cửa giúp cánh cửa vững chắc và an toàn hơn. CREMONE có thể thay thế khóa chống trộm hoặc chốt cài trong một số trường hợp.
CREMONE cũng là phụ kiện tăng tính thẩm mỹ cho ngôi nhà:
- Màu sắc phong phú, phù hợp nhiều phong cách thiết kế.
- Có nhiều kích thước cho cửa đại, cửa đi và cửa sổ.
- Cremone cửa đi có khóa.
- Cremone có tay gập, phù hợp nhà có song cửa.",https://keybolts.com.vn/cremone-phu-kien-thay-the-khoa-chong-trom,https://keybolts.com.vn/cremone-phu-kien-thay-the-khoa-chong-trom,,,Khóa Cửa-Phụ Kiện Cửa Nhập Khẩu-Bảo Hành 5-10 năm | Keybolts-Thái Lan,CREMONE-PHỤ KIỆN THAY THẾ KHÓA CHỐNG TRỘM | Keybolts,"CREMONE giải quyết nỗi lo như thế nào? Trong mùa mưa gió, cremone giúp cố định cánh cửa, tránh va đập mạnh gây nguy hiểm cho người lớn và trẻ nhỏ, đồng..."
6,Khóa Cửa Việt Long Lựa Chọn Số 1 Về Chất Lượng-Mẫu Mã-Thương Hiệu-Bảo Hành,khoa-cua-viet-long-lua-chon-so-1-ve-chat-luong-mau-ma-thuong-hieu-bao-hanh,Tin tức mới,20/02/2019,2019-02-20,"Các sản phẩm Khóa Cửa Việt Long luôn tạo sự tín nhiệm. Sản phẩm khóa cửa Việt Long đã được chứng nhận chất lượng CE, CFF. Khóa Cửa Việt Long bảo hành 5...","Các sản phẩm Khóa Cửa Việt Long luôn tạo sự tín nhiệm.
Sản phẩm khóa cửa Việt Long đã được chứng nhận chất lượng CE, CFF.
Khóa Cửa Việt Long bảo hành 5 năm, áp dụng 1 đổi 1 và bảo dưỡng trọn đời.
Hỗ trợ hướng dẫn, lắp đặt và kiểm tra định kỳ 24/7.
Hỗ trợ vận chuyển nhanh thông qua hệ thống các đại lý trên toàn quốc.",https://keybolts.com.vn/khoa-cua-viet-long-lua-chon-so-1-ve-chat-luong-mau-ma-thuong-hieu-bao-hanh,https://keybolts.com.vn/khoa-cua-viet-long-lua-chon-so-1-ve-chat-luong-mau-ma-thuong-hieu-bao-hanh,,,"Khóa Cửa Gỗ Nhập Khẩu,Phụ Kiện Cửa Gỗ Chất Lượng Quốc Tế.Bảo Hành-Uy Tín(5 -10 năm)",Khóa Cửa Việt Long Lựa Chọn Số 1 Về Chất Lượng-M | Keybolts,"Các sản phẩm Khóa Cửa Việt Long luôn tạo sự tín nhiệm. Sản phẩm khóa cửa Việt Long đã được chứng nhận chất lượng CE, CFF. Khóa Cửa Việt Long bảo hành 5..."
7,Lỗi khóa cửa an toàn hợp kim thường gặp và cách khắc phục,loi-khoa-cua-an-toan-hop-kim-thuong-gap-va-cach-khac-phuc,Tin tức mới,20/02/2019,2019-02-20,"1. Khóa cửa an toàn bằng hợp kim tay nắm là khóa như thế nào? Khóa cửa an toàn bằng hợp kim tay nắm tròn gồm tay khóa, thân khóa, ngõng khóa và nhiều...","1. Khóa cửa an toàn bằng hợp kim tay nắm là khóa như thế nào?
Khóa cửa an toàn bằng hợp kim tay nắm tròn gồm tay khóa, thân khóa, ngõng khóa và nhiều chi tiết nhỏ bên trong.
Khóa thường được chia thành hai loại:
- Loại có chìa: dùng cho cửa thông phòng hoặc phòng ngủ.
- Loại không dùng chìa: dùng cho cửa phòng vệ sinh; phía trong có nút bấm, phía ngoài có rãnh mở khẩn cấp.
2. Biểu hiện khóa bị hỏng
- Tay nắm xoay bị rít, không trả về vị trí ban đầu.
- Khó cắm hết chìa vào ổ hoặc chìa nào cũng có thể mở.
- Nút bấm không nhả về vị trí cũ, tay nắm đàn hồi kém.
- Bên trong đã bấm khóa nhưng bên ngoài vẫn mở được.
3. Cách khắc phục
- Không mở được bằng chìa có thể do lưỡi gà gặp vấn đề: tháo ổ khóa và cò, sửa lỗ khung bao hoặc thay cò.
- Chìa nào cũng mở được có thể do bung lò xo: làm lại lò xo, nắn ti truyền lực và vệ sinh ổ bi.
- Tay xoay không nhả về vị trí ban đầu có thể do lỗ bị méo hoặc hỏng ray: kiểm tra lại các khớp cửa.
- Chìa không cắm hết: kiểm tra chìa và phụ kiện tay nắm.
Cần thường xuyên kiểm tra, vệ sinh ổ khóa và các chi tiết bên trong. Với lỗi nghiêm trọng, nên liên hệ thợ sửa khóa chuyên nghiệp.",https://keybolts.com.vn/loi-khoa-cua-an-toan-hop-kim-thuong-gap-va-cach-khac-phuc,https://keybolts.com.vn/loi-khoa-cua-an-toan-hop-kim-thuong-gap-va-cach-khac-phuc,,,"Khóa Cửa Gỗ Nhập Khẩu,Phụ Kiện Cửa Gỗ Chất Lượng Quốc Tế.Bảo Hành-Uy Tín(5 -10 năm)",Lỗi khóa cửa an toàn hợp kim thường gặp và cách | Keybolts,"1. Khóa cửa an toàn bằng hợp kim tay nắm là khóa như thế nào? Khóa cửa an toàn bằng hợp kim tay nắm tròn gồm tay khóa, thân khóa, ngõng khóa và nhiều..."
8,Màu Sắc Khóa Có Quan Trọng Không?,mau-sac-khoa-co-quan-trong-khong,Tin tức mới,20/02/2019,2019-02-20,"Dòng khóa thương hiệu Keybolts tạo sự khác biệt bằng nhiều màu sắc. Màu vàng 24K, vàng bóng PVD và vàng RG thể hiện sự xa hoa, sang trọng, phù hợp cửa...","Dòng khóa thương hiệu Keybolts tạo sự khác biệt bằng nhiều màu sắc.
Màu vàng 24K, vàng bóng PVD và vàng RG thể hiện sự xa hoa, sang trọng, phù hợp cửa gỗ tự nhiên.
Màu vàng rêu và vàng YB thể hiện sự bền bỉ, chắc chắn và cổ kính, phù hợp phong cách cổ điển hoặc tân cổ điển.
Màu INOX 304 mang nét nhẹ nhàng, hiện đại và chắc chắn, phù hợp cửa gỗ nhân tạo.
Sản phẩm khóa cửa Việt Long đã được chứng nhận chất lượng CE, CFF, bảo hành 5 năm, bảo dưỡng trọn đời, hỗ trợ lắp đặt và kiểm tra định kỳ 24/7.",https://keybolts.com.vn/mau-sac-khoa-co-quan-trong-khong,https://keybolts.com.vn/mau-sac-khoa-co-quan-trong-khong,https://keybolts.com.vn/sites/default/files/6y7a5808-compressed.jpg,https://keybolts.com.vn/sites/default/files/6y7a5808-compressed.jpg | https://keybolts.com.vn/sites/default/files/6y7a5901-compressed.jpg | https://keybolts.com.vn/sites/default/files/6y7a5681-compressed.jpg | https://keybolts.com.vn/sites/default/files/6y7a5847-compressed.jpg | https://keybolts.com.vn/sites/default/files/6y7a5719-compressed.jpg | https://keybolts.com.vn/sites/default/files/6y7a6076.jpg,Khóa Cửa Gỗ Nhập Khẩu-Bảo Hành 5-10 năm | Keybolts-Thái Lan,Màu Sắc Khóa Có Quan Trọng Không? | Keybolts,"Dòng khóa thương hiệu Keybolts tạo sự khác biệt bằng nhiều màu sắc. Màu vàng 24K, vàng bóng PVD và vàng RG thể hiện sự xa hoa, sang trọng, phù hợp cửa..."
9,Những lý do bạn nên chọn dòng khóa thương hiệu Keybolts,nhung-ly-do-ban-nen-chon-dong-khoa-thuong-hieu-keybolts,Tin tức mới,20/02/2019,2019-02-20,"Dòng khóa Keybolts là thương hiệu khóa được chứng nhận chất lượng quốc tế CE, CFF. Các sản phẩm khóa đồng mạ vàng là thế mạnh của Khóa Cửa Việt Long...","Dòng khóa Keybolts là thương hiệu khóa được chứng nhận chất lượng quốc tế CE, CFF.
Các sản phẩm khóa đồng mạ vàng là thế mạnh của Khóa Cửa Việt Long, với mẫu mã phong phú, thiết kế sáng tạo, hoa văn tinh xảo và công nghệ đúc châu Âu.
Sản phẩm có thân và củ khóa thông minh, phù hợp nhiều không gian. Thân, củ Keybolts có độ cứng cao, chống sao chép và tăng mức độ an toàn cho nhiều kích thước cánh cửa.
Khóa Việt Long cung cấp chế độ bảo hành và hỗ trợ khách hàng.",https://keybolts.com.vn/nhung-ly-do-ban-nen-chon-dong-khoa-thuong-hieu-keybolts,https://keybolts.com.vn/nhung-ly-do-ban-nen-chon-dong-khoa-thuong-hieu-keybolts,,,"Khóa Cửa Keybolts-Thương Hiệu Khóa, Phụ kiện cửa Thái Lan",Những lý do bạn nên chọn dòng khóa thương hiệ | Keybolts,"Dòng khóa Keybolts là thương hiệu khóa được chứng nhận chất lượng quốc tế CE, CFF. Các sản phẩm khóa đồng mạ vàng là thế mạnh của Khóa Cửa Việt Long..."
10,CHỌN CỦ-CHÌA KHÓA PHÙ HỢP CHO CỬA NHÀ BẠN ?,chon-cu-chia-khoa-phu-hop-cho-cua-nha-ban,Tin tức mới,20/02/2019,2019-02-20,"Củ 2 đầu thường dùng cho cửa chính và cửa ngách, nơi hành lang rộng và có nhiều người qua lại. Loại củ này có thể vặn mở từ cả hai phía. Củ 1 đầu chìa...","Củ 2 đầu thường dùng cho cửa chính và cửa ngách, nơi hành lang rộng và có nhiều người qua lại. Loại củ này có thể vặn mở từ cả hai phía.
Củ 1 đầu chìa thường dùng cho cửa thông phòng, giúp quản lý không gian chung nhưng vẫn giữ sự riêng tư.
Củ 1 đầu vặn, 1 đầu mù thường dùng cho cửa phòng vệ sinh, giúp người phía trong chốt cửa mà không cần chìa.
Củ mù thường dùng cho cửa ban công, bảo đảm an toàn từ phía ngoài và thuận tiện đóng mở từ phía trong.
Củ, chìa Keybolts sử dụng công nghệ chìa 4 hàng bi giun đối xứng chống sao chép. Củ khóa được gia cường nẹp thép cứng, chống gãy khi bị khoan phá.
Công nghệ chìa tự động chuyển chế độ: khi tra bộ chìa chủ vào ổ, chìa công trình sẽ mất tác dụng.",https://keybolts.com.vn/chon-cu-chia-khoa-phu-hop-cho-cua-nha-ban,https://keybolts.com.vn/chon-cu-chia-khoa-phu-hop-cho-cua-nha-ban,https://keybolts.com.vn/sites/default/files/6y7a6299.jpg,https://keybolts.com.vn/sites/default/files/6y7a6299.jpg | https://keybolts.com.vn/sites/default/files/khoa_1_dau_chia-max-300.jpg | https://keybolts.com.vn/sites/default/files/shopping.webp | https://keybolts.com.vn/sites/default/files/cu_fadex_mu.jpg,"Khóa Cửa Gỗ Nhập Khẩu,Phụ Kiện Cửa Gỗ Chất Lượng Quốc Tế.Bảo Hành-Uy Tín(5 -10 năm)",CHỌN CỦ-CHÌA KHÓA PHÙ HỢP CHO CỬA NHÀ BẠN ? | Keybolts,"Củ 2 đầu thường dùng cho cửa chính và cửa ngách, nơi hành lang rộng và có nhiều người qua lại. Loại củ này có thể vặn mở từ cả hai phía. Củ 1 đầu chìa..."
11,Bạn sẽ không còn phải gọi thợ sửa khóa nữa,ban-se-khong-con-phai-goi-tho-sua-khoa-nua,Tin tức mới,20/02/2019,2019-02-20,"Nguyên nhân ổ khóa thường hỏng: Thứ nhất, khí hậu Việt Nam nóng ẩm, nhiều mưa và độ ẩm cao dễ gây oxy hóa ổ khóa. Thứ hai, sử dụng chìa khóa cơ không...","Nguyên nhân ổ khóa thường hỏng:
Thứ nhất, khí hậu Việt Nam nóng ẩm, nhiều mưa và độ ẩm cao dễ gây oxy hóa ổ khóa.
Thứ hai, sử dụng chìa khóa cơ không đúng cách có thể làm ổ khóa biến dạng. Điều này cũng có thể xảy ra với khóa điện tử vì các sản phẩm vẫn có chìa cơ dự phòng.
Thứ ba, bảo quản ổ khóa không đúng cách làm giảm tuổi thọ thiết bị.
Thứ tư, mua phải sản phẩm kém chất lượng, nguồn gốc không rõ ràng.
Giải pháp:
- Học cách kiểm tra và bảo quản ổ khóa đã sử dụng lâu ngày.
- Mua khóa tại địa chỉ uy tín, có thương hiệu và chế độ bảo hành rõ ràng.
Khóa Cửa Việt Long giới thiệu chế độ bảo hành 5 năm, bảo dưỡng trọn đời, hỗ trợ hướng dẫn, lắp đặt và kiểm tra định kỳ 24/7; sản phẩm được giới thiệu là có chứng nhận CE, CFF.",https://keybolts.com.vn/ban-se-khong-con-phai-goi-tho-sua-khoa-nua,https://keybolts.com.vn/ban-se-khong-con-phai-goi-tho-sua-khoa-nua,,,"Khóa Cửa Gỗ Nhập Khẩu,Phụ Kiện Cửa Gỗ Chất Lượng Quốc Tế.Bảo Hành-Uy Tín(5 -10 năm)",Bạn sẽ không còn phải gọi thợ sửa khóa nữa | Keybolts,"Nguyên nhân ổ khóa thường hỏng: Thứ nhất, khí hậu Việt Nam nóng ẩm, nhiều mưa và độ ẩm cao dễ gây oxy hóa ổ khóa. Thứ hai, sử dụng chìa khóa cơ không..."
12,ỮU ĐÃI CỰC SỐC DÀNH CHO NGƯỜI ANH EM THIỆN LÀNH,uu-dai-cuc-soc-danh-cho-nguoi-anh-em-thien-lanh,Tin tức mới,20/02/2019,2019-02-20,"Bài viết hướng tới người đang tìm hiểu kinh doanh vật liệu nội thất, người đã kinh doanh khóa nhưng chưa hiệu quả với sản phẩm nguồn gốc không rõ ràng...","Bài viết hướng tới người đang tìm hiểu kinh doanh vật liệu nội thất, người đã kinh doanh khóa nhưng chưa hiệu quả với sản phẩm nguồn gốc không rõ ràng, hoặc người muốn tìm dòng khóa thương hiệu trong nước.
Việt Long - KeyBolts giới thiệu các hỗ trợ dành cho đại lý:
- Chiết khấu và lợi nhuận.
- Hỗ trợ thiết kế trưng bày sản phẩm, khung gỗ treo sản phẩm.
- Hỗ trợ quảng cáo LED trong nhà và ngoài trời.
- Hỗ trợ catalog, áp phích và poster quảng cáo.
- Chia sẻ kinh nghiệm bán lẻ, mở rộng thị trường, đào tạo kỹ thuật và bán hàng.
Bài viết cho biết Khóa Cửa Việt Long có mạng lưới hơn 20 đại lý trên toàn quốc.",https://keybolts.com.vn/uu-dai-cuc-soc-danh-cho-nguoi-anh-em-thien-lanh,https://keybolts.com.vn/uu-dai-cuc-soc-danh-cho-nguoi-anh-em-thien-lanh,,,"Khóa Cửa Gỗ Nhập Khẩu,Phụ Kiện Cửa Gỗ Chất Lượng Quốc Tế.Bảo Hành-Uy Tín(5 -10 năm)",ỮU ĐÃI CỰC SỐC DÀNH CHO NGƯỜI ANH EM THIỆN LÀNH | Keybolts,"Bài viết hướng tới người đang tìm hiểu kinh doanh vật liệu nội thất, người đã kinh doanh khóa nhưng chưa hiệu quả với sản phẩm nguồn gốc không rõ ràng..."
13,KHÓA CỬA VIỆT LONG TRÌNH LÀNG MẪU KHÓA MỚI NHẤT,khoa-cua-viet-long-trinh-lang-mau-khoa-moi-nhat,Tin tức mới,20/02/2019,2019-02-20,"Khóa cửa Việt Long giới thiệu mẫu khóa đồng gạt tay KB-108108 mạ vàng PVD. Kiểu dáng khóa được thiết kế đơn giản, vuông vắn, kết hợp tay gạt khỏe...","Khóa cửa Việt Long giới thiệu mẫu khóa đồng gạt tay KB-108108 mạ vàng PVD.
Kiểu dáng khóa được thiết kế đơn giản, vuông vắn, kết hợp tay gạt khỏe khoắn.
Thông tin sản phẩm:
- Màu sắc: mạ vàng PVD.
- Kích thước: dùng cho cửa thông phòng, cửa trung, cửa đại và cửa đại sảnh.
Bài viết giới thiệu sản phẩm khóa thương hiệu Keybolts Thái Lan có chứng nhận CE, FCC và đã được người dùng Việt Nam sử dụng gần 10 năm.
Chế độ bảo hành:
- Bảo hành 5 năm, áp dụng 1 đổi 1.
- Hỗ trợ hướng dẫn, lắp đặt và kiểm tra định kỳ 24/7.",https://keybolts.com.vn/khoa-cua-viet-long-trinh-lang-mau-khoa-moi-nhat,https://keybolts.com.vn/khoa-cua-viet-long-trinh-lang-mau-khoa-moi-nhat,,,Khóa Đồng Nhập Khẩu-Bảo Hành 5-10 năm | Keybolts-Thái Lan,KHÓA CỬA VIỆT LONG TRÌNH LÀNG MẪU KHÓA MỚI NHẤT | Keybolts,"Khóa cửa Việt Long giới thiệu mẫu khóa đồng gạt tay KB-108108 mạ vàng PVD. Kiểu dáng khóa được thiết kế đơn giản, vuông vắn, kết hợp tay gạt khỏe..."