stt,ten_san_pham,ma_san_pham,danh_muc,mau_sac,chat_lieu,chung_nhan_chat_luong,gia_ban,khuyen_mai,trang_thai_du_lieu,ghi_chu,product_url,image_urls,meta_title_seo,meta_description_seo
1,Bản Lề Đầu Đồng Cửa Ô Thoáng KB-SUS 201 S0.5,KB-SUS 201 S0.5,BẢN LỀ,Màu INOX,INOX 201,,Liên hệ,Liên hệ : 19009018,day_du,,https://keybolts.com.vn/ban-le-dau-dong-cua-o-thoang-kb-sus-201-s05,https://keybolts.com.vn/sites/default/files/6y7a5331.jpg,Bản Lề INOX-Phụ Kiện Khóa -Khóa INOX-Bảo Hành 5-10 năm | Keybolts-Việt Nam,"Bản Lề Đầu Đồng Cửa Ô Thoáng KB-SUS 201 S0.5, mã KB-SUS 201 S0.5, bản lề, chất liệu INOX 201, màu Màu INOX. Liên hệ Keybolts: 19009018."
2,Bản Lề Đầu Đồng Cửa Ô Thoáng KB-SUS 201 S1 D,KB-SUS 201 S1,BẢN LỀ,Màu INOX,INOX 201,,Liên hệ,Liên hệ : 19009018,day_du,,https://keybolts.com.vn/ban-le-dau-dong-cua-so-kb-sus-201-s1-d,https://keybolts.com.vn/sites/default/files/so_1_-_201.jpg,Bản Lề INOX-Phụ Kiện Khóa -Khóa INOX -Bảo Hành 5-10 năm | Keybolts-Việt Nam,"Bản Lề Đầu Đồng Cửa Ô Thoáng KB-SUS 201 S1 D, mã KB-SUS 201 S1, bản lề, chất liệu INOX 201, màu Màu INOX. Liên hệ Keybolts: 19009018."
3,Bản Lề Đầu Đồng Cửa Sổ KB-SUS 201 S2,KB-SUS 201 S2,BẢN LỀ,Màu INOX,INOX 201,,Liên hệ,Liên hệ : 19009018,day_du,,https://keybolts.com.vn/ban-le-dau-dong-cua-so-kb-sus-201-s2,https://keybolts.com.vn/sites/default/files/so_2-201.jpg,Bản Lề INOX-Phụ Kiện Khóa -Khóa INOX -Bảo Hành 5-10 năm | Keybolts-Việt Nam,"Bản Lề Đầu Đồng Cửa Sổ KB-SUS 201 S2, mã KB-SUS 201 S2, bản lề, chất liệu INOX 201, màu Màu INOX. Liên hệ Keybolts: 19009018."
4,Bản Lề Đầu Đồng Cửa Đi Cỡ Trung KB-SUS 201 S5,KB-SUS 201 S5,BẢN LỀ,Màu INOX,INOX 201,,Liên hệ,Liên hệ : 19009018,day_du,,https://keybolts.com.vn/ban-le-dau-dong-cua-di-co-trung-kb-sus-201-s5,https://keybolts.com.vn/sites/default/files/thiet_ke_chua_co_ten_2_0.png,Bản Lề INOX-Phụ Kiện Khóa -Khóa INOX -Bảo Hành 5-10 năm | Keybolts-Việt Nam,"Bản Lề Đầu Đồng Cửa Đi Cỡ Trung KB-SUS 201 S5, mã KB-SUS 201 S5, bản lề, chất liệu INOX 201, màu Màu INOX. Liên hệ Keybolts: 19009018."
5,Bản Lề Đầu Đồng Cửa Đi Cỡ Trung KB-SUS 201 S9,KB-SUS 201 S9,BẢN LỀ,Màu INOX,INOX 201,,Liên hệ,Liên hệ : 19009018,day_du,,https://keybolts.com.vn/ban-le-dau-dong-cua-di-co-trung-kb-sus-201-s9,https://keybolts.com.vn/sites/default/files/so_9_-_201_0.jpg,Bản Lề INOX-Phụ Kiện Khóa -Khóa INOX -Bảo Hành 5-10 năm | Keybolts-Việt Nam,"Bản Lề Đầu Đồng Cửa Đi Cỡ Trung KB-SUS 201 S9, mã KB-SUS 201 S9, bản lề, chất liệu INOX 201, màu Màu INOX. Liên hệ Keybolts: 19009018."
6,Bản Lề Đầu Đồng Cửa Đi Cỡ Đại KB-SUS 201 S11,KB-SUS 201 S11,BẢN LỀ,Màu INOX,INOX 201,,Liên hệ,Liên hệ : 19009018,day_du,,https://keybolts.com.vn/ban-le-dau-dong-cua-di-co-dai-kb-sus-201-s11,https://keybolts.com.vn/sites/default/files/so_11.jpg,Bản Lề INOX-Phụ Kiện Khóa -Khóa INOX-Bảo Hành 5-10 năm | Keybolts-Việt Nam,"Bản Lề Đầu Đồng Cửa Đi Cỡ Đại KB-SUS 201 S11, mã KB-SUS 201 S11, bản lề, chất liệu INOX 201, màu Màu INOX. Liên hệ Keybolts: 19009018."
7,Bản Lề Đầu Đồng KB-SUS 304 N4,KB-SUS 304 N4,BẢN LỀ,Màu INOX,INOX 304,,Liên hệ,Liên hệ : 19009018,day_du,,https://keybolts.com.vn/ban-le-dau-dong-kb-sus-304-n4,https://keybolts.com.vn/sites/default/files/so_4.jpg,Bản Lề INOX-Phụ Kiện Khóa -Khóa INOX -Bảo Hành 5-10 năm | Keybolts-Việt Nam,"Bản Lề Đầu Đồng KB-SUS 304 N4, mã KB-SUS 304 N4, bản lề, chất liệu INOX 304, màu Màu INOX. Liên hệ Keybolts: 19009018."
8,Bản Lề Đầu Đồng KB-SUS 304 N5,KB-SUS 304 N5,BẢN LỀ,Màu INOX,INOX 304,,Liên hệ,Liên hệ : 19009018,day_du,,https://keybolts.com.vn/ban-le-dau-dong-kb-sus-304-n5,https://keybolts.com.vn/sites/default/files/3_0.jpg,Bản Lề INOX-Phụ Kiện Khóa -Khóa INOX -Bảo Hành 5-10 năm | Keybolts-Việt Nam,"Bản Lề Đầu Đồng KB-SUS 304 N5, mã KB-SUS 304 N5, bản lề, chất liệu INOX 304, màu Màu INOX. Liên hệ Keybolts: 19009018."
9,Bản Lề Đầu Đồng KB-SUS 304 N9,KB-SUS 304 N9,BẢN LỀ,Màu INOX,INOX 304,,Liên hệ,Liên hệ : 19009018,day_du,,https://keybolts.com.vn/ban-le-dau-dong-kb-sus-304-n9,https://keybolts.com.vn/sites/default/files/ban_le_dau_dong_kb-sus_304_s9.jpg,Bản Lề INOX-Phụ Kiện Khóa -Khóa INOX -Bảo Hành 5-10 năm | Keybolts-Việt Nam,"Bản Lề Đầu Đồng KB-SUS 304 N9, mã KB-SUS 304 N9, bản lề, chất liệu INOX 304, màu Màu INOX. Liên hệ Keybolts: 19009018."
10,Bản Lề Đồng Cối KB 813 DSF,KB 813 DSF,BẢN LỀ,Rêu DSF,Đồng,,Liên hệ,Liên hệ : 19009018,day_du,,https://keybolts.com.vn/ban-le-dong-coi-kb-813-dsf,https://keybolts.com.vn/sites/default/files/kich_thuoc.jpg,Bản Lề Đồng-Phụ Kiện Khóa-Bảo Hành 5-10 năm | Keybolts-Việt Nam,"Bản Lề Đồng Cối KB 813 DSF, mã KB 813 DSF, bản lề, chất liệu Đồng, màu Rêu DSF. Liên hệ Keybolts: 19009018."
11,Bản Lề Đồng Cối KB 813 PVD,KB 813 PVD,BẢN LỀ,Vàng bóng PVD,Đồng,,Liên hệ,Liên hệ : 19009018,day_du,,https://keybolts.com.vn/ban-le-dong-coi-kb-813-pvd,https://keybolts.com.vn/sites/default/files/1_6_1.jpg,Bản Lề Đồng-Phụ Kiện Khóa-Bảo Hành 5-10 năm | Keybolts-Việt Nam,"Bản Lề Đồng Cối KB 813 PVD, mã KB 813 PVD, bản lề, chất liệu Đồng, màu Vàng bóng PVD. Liên hệ Keybolts: 19009018."
12,Bản Lề Đồng Cối KB 814 DSF,KB 814 DSF,BẢN LỀ,Rêu DSF,Đồng,,Liên hệ,Liên hệ : 19009018,day_du,,https://keybolts.com.vn/ban-le-dong-coi-kb-814-dsf,https://keybolts.com.vn/sites/default/files/1_7.jpg,Bản Lề Đồng-Phụ Kiện Khóa-Bảo Hành 5-10 năm | Keybolts-Việt Nam,"Bản Lề Đồng Cối KB 814 DSF, mã KB 814 DSF, bản lề, chất liệu Đồng, màu Rêu DSF. Liên hệ Keybolts: 19009018."
13,Bản Lề Đồng Cối KB 814 PVD,KB 814 PVD,BẢN LỀ,Vàng bóng PVD,Đồng,,Liên hệ,Liên hệ : 19009018,day_du,,https://keybolts.com.vn/ban-le-dong-coi-kb-814-pvd,https://keybolts.com.vn/sites/default/files/4_2.jpg,Bản Lề Đồng-Phụ Kiện Khóa-Bảo Hành 5-10 năm | Keybolts-Việt Nam,"Bản Lề Đồng Cối KB 814 PVD, mã KB 814 PVD, bản lề, chất liệu Đồng, màu Vàng bóng PVD. Liên hệ Keybolts: 19009018."
14,Bản Lề Đồng Cối KB 815 DSF,KB 815 DSF,BẢN LỀ,Rêu DSF,Đồng thau,,Liên hệ,Liên hệ : 19009018,day_du,,https://keybolts.com.vn/ban-le-dong-coi-kb-815-dsf,https://keybolts.com.vn/sites/default/files/hy81-5l_dsf-compressed_0.jpg,Bản Lề Đồng-Phụ Kiện Khóa -Bảo Hành 5-10 năm | Keybolts-Việt Nam,"Bản Lề Đồng Cối KB 815 DSF, mã KB 815 DSF, bản lề, chất liệu Đồng thau, màu Rêu DSF. Liên hệ Keybolts: 19009018."
15,Bản Lề Đồng Cối KB 815 PVD,Bản lề Đồng 815 PVD,BẢN LỀ,Vàng bóng PVD,Đồng thau,,Liên hệ,Liên hệ : 19009018,day_du,,https://keybolts.com.vn/ban-le-dong-coi-kb-815-pvd,https://keybolts.com.vn/sites/default/files/hy81-5l-pvd-2-compressed.jpg,Bản Lề Đồng-Phụ Kiện Khóa Nhập Khẩu-Bảo Hành 5-10 năm | Keybolts-Việt Nam,"Bản Lề Đồng Cối KB 815 PVD, mã Bản lề Đồng 815 PVD, bản lề, chất liệu Đồng thau, màu Vàng bóng PVD. Liên hệ Keybolts: 19009018."
16,Bản Lề Đồng Lá KB 818 DSF,KB 818 DSF,BẢN LỀ,Rêu DSF,Đồng thau,,Liên hệ,Liên hệ : 19009018,day_du,,https://keybolts.com.vn/ban-le-dong-la-kb-818-dsf,https://keybolts.com.vn/sites/default/files/hy_81-8_dsf.png,Bản Lề Đồng-Phụ Kiện Khóa-Bảo Hành 5-10 năm | Keybolts-Việt Nam,"Bản Lề Đồng Lá KB 818 DSF, mã KB 818 DSF, bản lề, chất liệu Đồng thau, màu Rêu DSF. Liên hệ Keybolts: 19009018."
17,Bản Lề Đồng Lá KB 818 PVD,KB 818 PVD,BẢN LỀ,Vàng bóng PVD,Đồng thau,,Liên hệ,Liên hệ : 19009018,day_du,,https://keybolts.com.vn/ban-le-dong-la-kb-818-pvd,,Bản Lề Đồng-Phụ Kiện Khóa-Bảo Hành 5-10 năm | Keybolts-Việt Nam,"Bản Lề Đồng Lá KB 818 PVD, mã KB 818 PVD, bản lề, chất liệu Đồng thau, màu Vàng bóng PVD. Liên hệ Keybolts: 19009018."
18,Chặn Cửa,Chặn Cửa CAO CẤP,PHỤ KIỆN CỬA GỖ,Rêu DSF,Đồng,,Liên hệ,Liên hệ : 19009018,day_du,,https://keybolts.com.vn/chan-cua,,Chặn Cửa | Công Ty Cổ Phần Sản Xuất - Thương Mại và Dịch Vụ Việt Long Bắc Ninh,"Chặn Cửa, mã Chặn Cửa CAO CẤP, phụ kiện cửa gỗ, chất liệu Đồng, màu Rêu DSF. Liên hệ Keybolts: 19009018."
19,Chặn cửa thông minh,496,PHỤ KIỆN CỬA GỖ,Vàng bóng PVD,Đồng,,Liên hệ,Liên hệ : 19009018,day_du,,https://keybolts.com.vn/chan-cua-thong-minh,,Chặn cửa thông minh | Công Ty Cổ Phần Sản Xuất - Thương Mại và Dịch Vụ Việt Long Bắc Ninh,"Chặn cửa thông minh, mã 00496, phụ kiện cửa gỗ, chất liệu Đồng, màu Vàng bóng PVD. Liên hệ Keybolts: 19009018."
20,Chặn cửa thông minh,495,PHỤ KIỆN CỬA GỖ,Màu INOX,Đồng,,Liên hệ,Liên hệ : 19009018,day_du,,https://keybolts.com.vn/chan-cua-thong-minh-0,https://keybolts.com.vn/sites/default/files/2_15.jpg,Chặn cửa thông minh | Công Ty Cổ Phần Sản Xuất - Thương Mại và Dịch Vụ Việt Long Bắc Ninh,"Chặn cửa thông minh, mã 00495, phụ kiện cửa gỗ, chất liệu Đồng, màu Màu INOX. Liên hệ Keybolts: 19009018."
21,Chặn cửa thông minh,497,PHỤ KIỆN CỬA GỖ,Màu INOX,,"CE, CFF",Liên hệ,Liên hệ : 19009018,day_du,,https://keybolts.com.vn/chan-cua-thong-minh-1,,Chặn cửa thông minh | Công Ty Cổ Phần Sản Xuất - Thương Mại và Dịch Vụ Việt Long Bắc Ninh,"Chặn cửa thông minh, mã 00497, phụ kiện cửa gỗ, màu Màu INOX. Liên hệ Keybolts: 19009018."
22,Chặn Cửa-Inox,Chặn Cửa CAO CẤP,PHỤ KIỆN CỬA GỖ,Màu INOX,Inox,"CFF, CE",Liên hệ,Liên hệ : 19009018,day_du,,https://keybolts.com.vn/chan-cua-inox,https://keybolts.com.vn/sites/default/files/217973528_348869740235762_7879506616423394019_n.jpg,Chặn Cửa-Inox | Công Ty Cổ Phần Sản Xuất - Thương Mại và Dịch Vụ Việt Long Bắc Ninh,"Chặn Cửa-Inox, mã Chặn Cửa CAO CẤP, phụ kiện cửa gỗ, chất liệu Inox, màu Màu INOX. Liên hệ Keybolts: 19009018."
23,Chặn Cửa/Hít Cửa Hợp Kim 24K,Chặn Cửa HỢP KIM 24K CAO CẤP,PHỤ KIỆN CỬA GỖ,Vàng 24K,Hợp Kim,"CE, CFF",Liên hệ,Liên hệ : 19009018,day_du,,https://keybolts.com.vn/chan-cuahit-cua-hop-kim-24k,,Chặn Cửa/Hít Cửa-Phụ Kiện Khóa -Khóa INOX -Bảo Hành 5-10 năm | Keybolts-Việt Nam,"Chặn Cửa/Hít Cửa Hợp Kim 24K, mã Chặn Cửa HỢP KIM 24K CAO CẤP, phụ kiện cửa gỗ, chất liệu Hợp Kim, màu Vàng 24K. Liên hệ Keybolts: 19009018."
24,Chặn Cửa/Hít Cửa Hợp Kim Rêu,Chặn Cửa HỢP KIM Rêu CAO CẤP,PHỤ KIỆN CỬA GỖ,Rêu DSF,Hợp Kim,"CE, CFF",Liên hệ,Liên hệ : 19009018,day_du,,https://keybolts.com.vn/chan-cuahit-cua-hop-kim-reu,,Chặn Cửa/Hít Cửa-Phụ Kiện Khóa -Khóa INOX Nhập Khẩu-Bảo Hành 5-10 năm | Keybolts-Việt Nam,"Chặn Cửa/Hít Cửa Hợp Kim Rêu, mã Chặn Cửa HỢP KIM Rêu CAO CẤP, phụ kiện cửa gỗ, chất liệu Hợp Kim, màu Rêu DSF. Liên hệ Keybolts: 19009018."
25,Chăn Cửa/Hít Cửa INOX 201,Chăn Cửa INOX 201,PHỤ KIỆN CỬA GỖ,Màu INOX,INOX 201,"CE, CFF",Liên hệ,Liên hệ : 19009018,day_du,,https://keybolts.com.vn/chan-cuahit-cua-inox-201,https://keybolts.com.vn/sites/default/files/chan_cua_inox_201.jpg,Chặn Cửa/Hít Cửa-Phụ Kiện Khóa -Khóa INOX-Bảo Hành 5-10 năm | Keybolts-Việt Nam,"Chăn Cửa/Hít Cửa INOX 201, mã Chăn Cửa INOX 201, phụ kiện cửa gỗ, chất liệu INOX 201, màu Màu INOX. Liên hệ Keybolts: 19009018."
26,Chặn Cửa/Hít Cửa INOX 304,Chăn Cửa INOX 304,PHỤ KIỆN CỬA GỖ,Màu INOX,INOX 304,"CE, CFF",Liên hệ,Liên hệ : 19009018,day_du,,https://keybolts.com.vn/chan-cuahit-cua-inox-304,,Chặn Cửa/Hít Cửa-Phụ Kiện Khóa -Khóa INOX -Bảo Hành 5-10 năm | Keybolts-Việt Nam,"Chặn Cửa/Hít Cửa INOX 304, mã Chăn Cửa INOX 304, phụ kiện cửa gỗ, chất liệu INOX 304, màu Màu INOX. Liên hệ Keybolts: 19009018."
27,Chặn Cửa/Hít Cửa Đồng Mạ Vàng 24K,Chặn Cửa Đồng Mạ Vàng 24K,PHỤ KIỆN CỬA GỖ,Vàng 24K,Đồng,"CE, CFF",Liên hệ,Liên hệ : 19009018,day_du,,https://keybolts.com.vn/chan-cuahit-cua-dong-ma-vang-24k,,Chặn Cửa/Hít Cửa-Phụ Kiện Khóa -Khóa INOX -Bảo Hành 5-10 năm | Keybolts-Việt Nam,"Chặn Cửa/Hít Cửa Đồng Mạ Vàng 24K, mã Chặn Cửa Đồng Mạ Vàng 24K, phụ kiện cửa gỗ, chất liệu Đồng, màu Vàng 24K. Liên hệ Keybolts: 19009018."
28,Chặn Cửa/Hít Cửa Đồng Rêu,Chặn Cửa Đồng Rêu,PHỤ KIỆN CỬA GỖ,Rêu DSF,Đồng,"CE, CFF",Liên hệ,Liên hệ : 19009018,day_du,,https://keybolts.com.vn/chan-cuahit-cua-dong-reu,,Chặn Cửa/Hít Cửa-Phụ Kiện Khóa -Khóa INOX-Bảo Hành 5-10 năm | Keybolts-Việt Nam,"Chặn Cửa/Hít Cửa Đồng Rêu, mã Chặn Cửa Đồng Rêu, phụ kiện cửa gỗ, chất liệu Đồng, màu Rêu DSF. Liên hệ Keybolts: 19009018."
29,Chốt Hé Inox,,PHỤ KIỆN CỬA GỖ,Màu INOX,,,Liên hệ,Liên hệ : 19009018,day_du,,https://keybolts.com.vn/chot-he-inox,https://keybolts.com.vn/sites/default/files/chot_inox_0.png,Chốt Hé Inox | Công Ty Cổ Phần Sản Xuất - Thương Mại và Dịch Vụ Việt Long Bắc Ninh,"Chốt Hé Inox, phụ kiện cửa gỗ, màu Màu INOX. Liên hệ Keybolts: 19009018."
30,Chốt Hé Mạ 24K,,PHỤ KIỆN CỬA GỖ,Vàng 24K,Đồng,CFF,Liên hệ,Liên hệ : 19009018,day_du,,https://keybolts.com.vn/chot-he-ma-24k,,Chốt Hé Mạ 24K | Công Ty Cổ Phần Sản Xuất - Thương Mại và Dịch Vụ Việt Long Bắc Ninh,"Chốt Hé Mạ 24K, phụ kiện cửa gỗ, chất liệu Đồng, màu Vàng 24K. Liên hệ Keybolts: 19009018."
31,CREMONE Cửa Sổ Đồng Mạ Vàng KB CX2 PVD-S,KB CX2 PVD-S,CHỐT CỬA CREMONE ĐỒNG,Vàng bóng PVD,Đồng thau,,Liên hệ,Liên hệ : 19009018,day_du,,https://keybolts.com.vn/cremone-cua-so-kb-cx6-inox-s,https://keybolts.com.vn/sites/default/files/cx6.1_1.jpg,Chốt Cửa Cremone INOX-Khóa Đồng-Bảo Hành 5- 10 năm | Keybolts-Việt Nam,"CREMONE Cửa Sổ Đồng Mạ Vàng KB CX2 PVD-S, mã KB CX2 PVD-S, chốt cửa cremone đồng, chất liệu Đồng thau, màu Vàng bóng PVD. Liên hệ Keybolts: 19009018."
32,CREMONE Cửa Sổ Đồng Mạ Vàng KB CXK1 DSF-S,CXK 1 S DSF,CHỐT CỬA CREMONE ĐỒNG,Rêu DSF,Đồng Thau,,Liên hệ,Liên hệ : 19009018,day_du,,https://keybolts.com.vn/cremone-cua-so-dong-ma-vang-kb-cx2-pvd-s,,Chốt Cửa Cremone Cửa Sổ-Mạ Vàng-Khóa Đồng-Bảo Hành 5- 10 năm | Keybolts-Việt Nam,"CREMONE Cửa Sổ Đồng Mạ Vàng KB CXK1 DSF-S, mã CXK 1 S DSF, chốt cửa cremone đồng, chất liệu Đồng Thau, màu Rêu DSF. Liên hệ Keybolts: 19009018."
33,CREMONE Cửa Sổ Đồng Mạ Vàng KB CXK1 PVD-S,KB CXK1 PVD,CHỐT CỬA CREMONE ĐỒNG,Vàng bóng PVD,Đồng thau,,Liên hệ,Liên hệ : 19009018,day_du,,https://keybolts.com.vn/cremone-cua-so-dong-ma-vang-kb-cxk1-dsf-s,,CREMONE Cửa Sổ Đồng Mạ Vàng KB,"CREMONE Cửa Sổ Đồng Mạ Vàng KB CXK1 PVD-S, mã KB CXK1 PVD, chốt cửa cremone đồng, chất liệu Đồng thau, màu Vàng bóng PVD. Liên hệ Keybolts: 19009018."
34,CREMONE Cửa Đại Đồng Mạ Vàng KB CXK1 DSF-L,KB CXK1 L DSF,CHỐT CỬA CREMONE ĐỒNG,Rêu DSF,Đồng thau,,Liên hệ,Liên hệ : 19009018,day_du,,https://keybolts.com.vn/cremone-cua-so-dong-ma-vang-kb-cxk1-pvd-s,,CREMONE Cửa Sổ Đồng Mạ Vàng KB CXK1 PVD-S | Công Ty Cổ Phần Sản Xuất - Thương Mại và Dịch Vụ Việt Long Bắc Ninh,"CREMONE Cửa Đại Đồng Mạ Vàng KB CXK1 DSF-L, mã KB CXK1 L DSF, chốt cửa cremone đồng, chất liệu Đồng thau, màu Rêu DSF. Liên hệ Keybolts: 19009018."
35,CREMONE Cửa Đại Đồng Mạ Vàng KB CXK1-L PVD,KB CXK1 PVD,CHỐT CỬA CREMONE ĐỒNG,Vàng bóng PVD,Đồng thau,,Liên hệ,Liên hệ : 19009018,day_du,,https://keybolts.com.vn/cremone-cua-dai-dong-ma-vang-kb-cxk1-dsf-l,,"Chốt CREMONE Cửa Đại Đồng Mạ Vàng, bền bỉ chất lượng cao","CREMONE Cửa Đại Đồng Mạ Vàng KB CXK1-L PVD, mã KB CXK1 PVD, chốt cửa cremone đồng, chất liệu Đồng thau, màu Vàng bóng PVD. Liên hệ Keybolts: 19009018."
36,CREMONE Cửa Đi Có Khóa Đồng Mạ Vàng KB CX2 PVD-M,KB CX2 PVD-M(có khóa),CHỐT CỬA CREMONE ĐỒNG,Vàng bóng PVD,Đồng thau,,Liên hệ,Liên hệ : 19009018,day_du,,https://keybolts.com.vn/cremone-cua-dai-dong-ma-vang-kb-cxk1-l-pvd,,CREMONE Cửa Đại Đồng Mạ Vàng KB CXK1-L PVD | Công Ty Cổ Phần Sản Xuất - Thương Mại và Dịch Vụ Việt Long Bắc Ninh,"CREMONE Cửa Đi Có Khóa Đồng Mạ Vàng KB CX2 PVD-M, mã KB CX2 PVD-M(có khóa), chốt cửa cremone đồng, chất liệu Đồng thau, màu Vàng bóng PVD. Liên hệ"
37,CREMONE Cửa Đi Đồng Mạ Vàng KB CX2 PVD-M,KB CX2 PVD-M,CHỐT CỬA CREMONE ĐỒNG,Vàng bóng PVD,Đồng thau,,Liên hệ,Liên hệ : 19009018,day_du,,https://keybolts.com.vn/cremone-cua-di-co-khoa-dong-ma-vang-kb-cx2-pvd-m,,Chốt Cửa Cremone Cửa Đi-Mạ Vàng-Khóa Đồng -Bảo Hành 5- 10 năm | Keybolts-Việt Nam,"CREMONE Cửa Đi Đồng Mạ Vàng KB CX2 PVD-M, mã KB CX2 PVD-M, chốt cửa cremone đồng, chất liệu Đồng thau, màu Vàng bóng PVD. Liên hệ Keybolts: 19009018."
38,CREMONE Cửa Đi Đồng Mạ Vàng KB CXK1 M DSF,KB CXK1 M DSF,CHỐT CỬA CREMONE ĐỒNG,Rêu DSF,Đồng Thau,,Liên hệ,Liên hệ : 19009018,day_du,,https://keybolts.com.vn/cremone-cua-di-kb-cx6-inox-m,https://keybolts.com.vn/sites/default/files/cx6.jpg,Chốt Cửa Cremone INOX-Khóa Đồng -Bảo Hành 5- 10 năm | Keybolts-Việt Nam,"CREMONE Cửa Đi Đồng Mạ Vàng KB CXK1 M DSF, mã KB CXK1 M DSF, chốt cửa cremone đồng, chất liệu Đồng Thau, màu Rêu DSF. Liên hệ Keybolts: 19009018."
39,CREMONE Cửa Đi Đồng Mạ Vàng KB CXK1 M PVD,KB CXK1 PVD,CHỐT CỬA CREMONE ĐỒNG,Vàng bóng PVD,Đồng thau,,Liên hệ,Liên hệ : 19009018,day_du,,https://keybolts.com.vn/cremone-cua-di-dong-ma-vang-kb-cx2-pvd-m,,CREMONE Cửa Đi Đồng Mạ Vàng KB CXK1 M PVD | Keybolts,"CREMONE Cửa Đi Đồng Mạ Vàng KB CXK1 M PVD, mã KB CXK1 PVD, chốt cửa cremone đồng, chất liệu Đồng thau, màu Vàng bóng PVD. Liên hệ Keybolts: 19009018."
40,CREMONE Gập Cửa Sổ Đồng Mạ Vàng KB CX2 PVD-S,KB CX2 PVD-S(gập),CHỐT CỬA CREMONE ĐỒNG,Vàng bóng PVD,Đồng thau,,Liên hệ,Liên hệ : 19009018,day_du,,https://keybolts.com.vn/cremone-cua-di-dong-ma-vang-kb-cxk1-m-dsf,,CREMONE Cửa Đi Đồng Mạ Vàng KB CXK1 M DSF | Công Ty Cổ Phần Sản Xuất - Thương Mại và Dịch Vụ Việt Long Bắc Ninh,"CREMONE Gập Cửa Sổ Đồng Mạ Vàng KB CX2 PVD-S, mã KB CX2 PVD-S(gập), chốt cửa cremone đồng, chất liệu Đồng thau, màu Vàng bóng PVD. Liên hệ Keybolts"
41,CREMONE Gập Cửa Đi Đồng Mạ Vàng KB CX2 -M - PVD,KB CX2 PVD-M(gập),CHỐT CỬA CREMONE ĐỒNG,Vàng YB,Đồng thau,,Liên hệ,Liên hệ : 19009018,day_du,,https://keybolts.com.vn/cremone-cua-di-dong-ma-vang-kb-cxk1-m-pvd,,CREMONE Cửa Đi Đồng Mạ Vàng KB CXK1 M PVD | Công Ty Cổ Phần Sản Xuất - Thương Mại và Dịch Vụ Việt Long Bắc Ninh,"CREMONE Gập Cửa Đi Đồng Mạ Vàng KB CX2 -M - PVD, mã KB CX2 PVD-M(gập), chốt cửa cremone đồng, chất liệu Đồng thau, màu Vàng YB. Liên hệ Keybolts: 19009018."
42,CREMONE Gập Cửa Đi Đồng Mạ Vàng KB CX2 PVD-M,KB CX2 PVD-M(gập),CHỐT CỬA CREMONE ĐỒNG,Vàng bóng PVD,Đồng thau,,Liên hệ,Liên hệ : 19009018,day_du,,https://keybolts.com.vn/cremone-gap-cua-so-dong-ma-vang-kb-cx2-pvd-s,,Chốt Cửa Cremone Gập Cửa Sổ-Mạ Vàng-Khóa Đồng -Bảo Hành 5- 10 năm | Keybolts-Việt Nam,"CREMONE Gập Cửa Đi Đồng Mạ Vàng KB CX2 PVD-M, mã KB CX2 PVD-M(gập), chốt cửa cremone đồng, chất liệu Đồng thau, màu Vàng bóng PVD. Liên hệ Keybolts"
43,CREMONE Cửa Sổ KB CX6 INOX-S,KB CX6 INOX-S,CHỐT CỬA CREMONE INOX,Màu INOX,INOX 201,,Liên hệ,Liên hệ : 19009018,day_du,,https://keybolts.com.vn/cremone-gap-cua-di-dong-ma-vang-kb-cx2-m-pvd,,Chốt Cửa Cremone Gập Cửa Đi-Mạ Vàng-Khóa Đồng Nhập Khẩu-Bảo Hành 5- 10 năm | Keybolts-Thái Lan,"CREMONE Cửa Sổ KB CX6 INOX-S, mã KB CX6 INOX-S, chốt cửa cremone inox, chất liệu INOX 201, màu Màu INOX. Liên hệ Keybolts: 19009018."
44,CREMONE Cửa Đi KB CX6 INOX-M,KB CX6 INOX-M,CHỐT CỬA CREMONE INOX,Màu INOX,INOX 201,,Liên hệ,Liên hệ : 19009018,day_du,,https://keybolts.com.vn/cremone-gap-cua-di-dong-ma-vang-kb-cx2-pvd-m,,Chốt Cửa Cremone Gập Cửa Đi-Mạ Vàng-Khóa Đồng-Bảo Hành 5- 10 năm | Keybolts-Việt Nam,"CREMONE Cửa Đi KB CX6 INOX-M, mã KB CX6 INOX-M, chốt cửa cremone inox, chất liệu INOX 201, màu Màu INOX. Liên hệ Keybolts: 19009018."
45,CREMONE INOX Cửa Đi KB CX4 -M THẲNG,KB CX4 - M THẲNG,CHỐT CỬA CREMONE INOX,Màu INOX,,,Liên hệ,Liên hệ : 19009018,day_du,,https://keybolts.com.vn/cremone-inox-cua-di-kb-cx4-m-thang,https://keybolts.com.vn/sites/default/files/cx6_thang_0_0.jpg,CREMONE INOX Cửa Đi KB CX4 -M THẲNG | Công Ty Cổ Phần Sản Xuất - Thương Mại và Dịch Vụ Việt Long Bắc Ninh,"CREMONE INOX Cửa Đi KB CX4 -M THẲNG, mã KB CX4 - M THẲNG, chốt cửa cremone inox, màu Màu INOX. Liên hệ Keybolts: 19009018."
46,CREMONE INOX Cửa Đi KB CX4 -S THẲNG,KB CX4 S THẲNG,CHỐT CỬA CREMONE INOX,Màu INOX,INOX 201,,Liên hệ,Liên hệ : 19009018,day_du,,https://keybolts.com.vn/cremone-inox-cua-di-kb-cx4-s-thang,https://keybolts.com.vn/sites/default/files/cx6_thang_0.jpg,Chốt Cửa Cremone INOX-Khóa Đồng-Bảo Hành 5- 10 năm | Keybolts-Việt Nam,"CREMONE INOX Cửa Đi KB CX4 -S THẲNG, mã KB CX4 S THẲNG, chốt cửa cremone inox, chất liệu INOX 201, màu Màu INOX. Liên hệ Keybolts: 19009018."
47,Giá Bát Cố Định 2 Tầng 700mm- 800mm,,PHỤ KIỆN TỦ-BẾP,Màu INOX,Inox,"CE, CFF",Liên hệ,Liên hệ : 19009018,day_du,,https://keybolts.com.vn/gia-bat-co-dinh-2-tang-700mm-800mm,,Giá Bát Cố Định 2 Tầng 700mm- 800mm | Công Ty Cổ Phần Sản Xuất - Thương Mại và Dịch Vụ Việt Long Bắc Ninh,"Giá Bát Cố Định 2 Tầng 700mm- 800mm, phụ kiện tủ-bếp, chất liệu Inox, màu Màu INOX. Liên hệ Keybolts: 19009018."
48,Giá Bát Cố Định 2 Tầng 900mm,,PHỤ KIỆN TỦ-BẾP,Màu INOX,Inox,"CE, CFF",Liên hệ,Liên hệ : 19009018,day_du,,https://keybolts.com.vn/gia-bat-co-dinh-2-tang-900mm,,Giá Bát Cố Định 2 Tầng 900mm | Công Ty Cổ Phần Sản Xuất - Thương Mại và Dịch Vụ Việt Long Bắc Ninh,"Giá Bát Cố Định 2 Tầng 900mm, phụ kiện tủ-bếp, chất liệu Inox, màu Màu INOX. Liên hệ Keybolts: 19009018."
49,Giá Bát Cố Định 2 Tầng Có Chân Gỗ,,PHỤ KIỆN TỦ-BẾP,Màu INOX,Inox,"CE, CFF",Liên hệ,Liên hệ : 19009018,day_du,,https://keybolts.com.vn/gia-bat-co-dinh-2-tang-co-chan-go,,Giá Bát Cố Định 2 Tầng Có Chân Gỗ | Keybolts,"Giá Bát Cố Định 2 Tầng Có Chân Gỗ, phụ kiện tủ-bếp, chất liệu Inox, màu Màu INOX. Liên hệ Keybolts: 19009018."
50,Giá Bát Nâng Hạ Tự Động 700mm,,PHỤ KIỆN TỦ-BẾP,Màu INOX,Inox,"CE, CFF",Liên hệ,Liên hệ : 19009018,day_du,,https://keybolts.com.vn/gia-bat-nang-ha-tu-dong-700mm,,Giá Bát Nâng Hạ Tự Động 700mm | Keybolts,"Giá Bát Nâng Hạ Tự Động 700mm, phụ kiện tủ-bếp, chất liệu Inox, màu Màu INOX. Liên hệ Keybolts: 19009018."
51,Giá Bát Nâng Hạ Tự Động 800mm,,PHỤ KIỆN TỦ-BẾP,Màu INOX,Inox,"CE, CFF",Liên hệ,Liên hệ : 19009018,day_du,,https://keybolts.com.vn/gia-bat-nang-ha-tu-dong-800mm,,Giá Bát Nâng Hạ Tự Động 800mm | Công Ty Cổ Phần Sản Xuất - Thương Mại và Dịch Vụ Việt Long Bắc Ninh,"Giá Bát Nâng Hạ Tự Động 800mm, phụ kiện tủ-bếp, chất liệu Inox, màu Màu INOX. Liên hệ Keybolts: 19009018."
52,Giá Bát Nâng Hạ Tự Động 900mm,,PHỤ KIỆN TỦ-BẾP,Màu INOX,Inox,"CE, CFF",Liên hệ,Liên hệ : 19009018,day_du,,https://keybolts.com.vn/gia-bat-nang-ha-tu-dong-900mm,https://keybolts.com.vn/sites/default/files/1_15.jpg,Giá Bát Nâng Hạ Tự Động 900mm | Công Ty Cổ Phần Sản Xuất - Thương Mại và Dịch Vụ Việt Long Bắc Ninh,"Giá Bát Nâng Hạ Tự Động 900mm, phụ kiện tủ-bếp, chất liệu Inox, màu Màu INOX. Liên hệ Keybolts: 19009018."
53,"Giá Dao Thớt, Chai Lọ Giảm Chấn Dạng Hộp Kính 200mm",,PHỤ KIỆN TỦ-BẾP,Màu INOX,Inox,"CE, CFF",Liên hệ,Liên hệ : 19009018,day_du,,https://keybolts.com.vn/gia-dao-thot-chai-lo-giam-chan-dang-hop-kinh-200mm,,Giá Dao Thớt Chai Lọ Giảm Chấn Dạng Hộp Kính 200mm | Công Ty Cổ Phần Sản Xuất - Thương Mại và Dịch Vụ Việt Long Bắc Ninh,"Giá Dao Thớt, Chai Lọ Giảm Chấn Dạng Hộp Kính 200mm, phụ kiện tủ-bếp, chất liệu Inox, màu Màu INOX. Liên hệ Keybolts: 19009018."
54,"Giá Dao Thớt, Chai Lọ Giảm Chấn Dạng Hộp Kính 300mm",,PHỤ KIỆN TỦ-BẾP,Màu INOX,Inox,"CE, CFF",Liên hệ,Liên hệ : 19009018,day_du,,https://keybolts.com.vn/gia-dao-thot-chai-lo-giam-chan-dang-hop-kinh-300mm,,Giá Dao Thớt Chai Lọ Giảm Chấn Dạng Hộp Kính 300mm | Công Ty Cổ Phần Sản Xuất - Thương Mại và Dịch Vụ Việt Long Bắc Ninh,"Giá Dao Thớt, Chai Lọ Giảm Chấn Dạng Hộp Kính 300mm, phụ kiện tủ-bếp, chất liệu Inox, màu Màu INOX. Liên hệ Keybolts: 19009018."
55,"Giá Dao Thớt, Chai Lọ Giảm Chấn Dạng Hộp Kính 400mm",,PHỤ KIỆN TỦ-BẾP,Màu INOX,Inox,"CE, CFF",Liên hệ,Liên hệ : 19009018,day_du,,https://keybolts.com.vn/gia-dao-thot-chai-lo-giam-chan-dang-hop-kinh-400mm,,"Giá Dao Thớt, Chai Lọ Giảm Chấn Dạng Hộp Kính | Keybolts","Giá Dao Thớt, Chai Lọ Giảm Chấn Dạng Hộp Kính 400mm, phụ kiện tủ-bếp, chất liệu Inox, màu Màu INOX. Liên hệ Keybolts: 19009018."
56,"Giá Dao Thớt, Chai Lọ Giảm Chấn Dạng Nan 300mm",,PHỤ KIỆN TỦ-BẾP,Màu INOX,Inox,"CE, CFF",Liên hệ,Liên hệ : 19009018,day_du,,https://keybolts.com.vn/gia-dao-thot-chai-lo-giam-chan-dang-nan-300mm,,Giá Dao Thớt Chai Lọ Giảm Chấn Dạng Nan 300mm | Công Ty Cổ Phần Sản Xuất - Thương Mại và Dịch Vụ Việt Long Bắc Ninh,"Giá Dao Thớt, Chai Lọ Giảm Chấn Dạng Nan 300mm, phụ kiện tủ-bếp, chất liệu Inox, màu Màu INOX. Liên hệ Keybolts: 19009018."
57,"Giá Dao Thớt, Chai Lọ Giảm Chấn Dạng Nan 400mm",,PHỤ KIỆN TỦ-BẾP,Màu INOX,Inox,"CE, CFF",Liên hệ,Liên hệ : 19009018,day_du,,https://keybolts.com.vn/gia-dao-thot-chai-lo-giam-chan-dang-nan-400mm,,"Giá Dao Thớt, Chai Lọ Giảm Chấn Dạng Nan 400mm | Keybolts","Giá Dao Thớt, Chai Lọ Giảm Chấn Dạng Nan 400mm, phụ kiện tủ-bếp, chất liệu Inox, màu Màu INOX. Liên hệ Keybolts: 19009018."
58,"Giá Dao Thớt, Chai Lọ Giảm Chấn Dạng Nan 450mm",,PHỤ KIỆN TỦ-BẾP,Màu INOX,Inox,"CE, CFF",Liên hệ,Liên hệ : 19009018,day_du,,https://keybolts.com.vn/gia-dao-thot-chai-lo-giam-chan-dang-nan-450mm,,"Giá Dao Thớt, Chai Lọ Giảm Chấn Dạng Nan 450mm | Keybolts","Giá Dao Thớt, Chai Lọ Giảm Chấn Dạng Nan 450mm, phụ kiện tủ-bếp, chất liệu Inox, màu Màu INOX. Liên hệ Keybolts: 19009018."
59,Giá Góc Liên Hoàn Dạng Lá,,PHỤ KIỆN TỦ-BẾP,Màu INOX,Inox,"CE, CFF",Liên hệ,Liên hệ : 19009018,day_du,,https://keybolts.com.vn/gia-goc-lien-hoan-dang-la,,Giá Góc Liên Hoàn Dạng Lá | Keybolts,"Giá Góc Liên Hoàn Dạng Lá, phụ kiện tủ-bếp, chất liệu Inox, màu Màu INOX. Liên hệ Keybolts: 19009018."
60,Giá góc liên hoàn dạng nan,,PHỤ KIỆN TỦ-BẾP,Màu INOX,Inox,"CE, CFF",Liên hệ,Liên hệ : 19009018,day_du,,https://keybolts.com.vn/gia-goc-lien-hoan-dang-nan,https://keybolts.com.vn/sites/default/files/4_4.jpg,Giá Góc Liên Hoàn Dạng Nan | Công Ty Cổ Phần Sản Xuất - Thương Mại và Dịch Vụ Việt Long Bắc Ninh,"Giá góc liên hoàn dạng nan, phụ kiện tủ-bếp, chất liệu Inox, màu Màu INOX. Liên hệ Keybolts: 19009018."
61,"Giá Xoong Nồi, Bát Đĩa Giảm Chấn Dạng Hộp 700mm",,PHỤ KIỆN TỦ-BẾP,Màu INOX,Inox,"CE, CFF",Liên hệ,Liên hệ : 19009018,day_du,,https://keybolts.com.vn/gia-xoong-noi-bat-dia-giam-chan-dang-hop-700mm,,Giá Xoong Nồi Bát Đĩa Giảm Chấn Dạng Hộp 700mm | Công Ty Cổ Phần Sản Xuất - Thương Mại và Dịch Vụ Việt Long Bắc Ninh,"Giá Xoong Nồi, Bát Đĩa Giảm Chấn Dạng Hộp 700mm, phụ kiện tủ-bếp, chất liệu Inox, màu Màu INOX. Liên hệ Keybolts: 19009018."
62,"Giá Xoong Nồi, Bát Đĩa Giảm Chấn Dạng Hộp 800mm",,PHỤ KIỆN TỦ-BẾP,Màu INOX,Inox,"CE, CFF",Liên hệ,Liên hệ : 19009018,day_du,,https://keybolts.com.vn/gia-xoong-noi-bat-dia-giam-chan-dang-hop-800mm,,Giá Xoong Nồi Bát Đĩa Giảm Chấn Dạng Hộp 800mm | Công Ty Cổ Phần Sản Xuất - Thương Mại và Dịch Vụ Việt Long Bắc Ninh,"Giá Xoong Nồi, Bát Đĩa Giảm Chấn Dạng Hộp 800mm, phụ kiện tủ-bếp, chất liệu Inox, màu Màu INOX. Liên hệ Keybolts: 19009018."
63,"Giá Xoong Nồi, Bát Đĩa Giảm Chấn Dạng Hộp 900mm",,PHỤ KIỆN TỦ-BẾP,Màu INOX,Inox,"CE, CFF",Liên hệ,Liên hệ : 19009018,day_du,,https://keybolts.com.vn/gia-xoong-noi-bat-dia-giam-chan-dang-hop-900mm,,Giá Xoong Nồi Bát Đĩa Giảm Chấn Dạng Hộp 900mm | Công Ty Cổ Phần Sản Xuất - Thương Mại và Dịch Vụ Việt Long Bắc Ninh,"Giá Xoong Nồi, Bát Đĩa Giảm Chấn Dạng Hộp 900mm, phụ kiện tủ-bếp, chất liệu Inox, màu Màu INOX. Liên hệ Keybolts: 19009018."
64,"Giá Xoong Nồi, Bát Đĩa Giảm Chấn Dạng Nan 700mm",,PHỤ KIỆN TỦ-BẾP,Màu INOX,Inox,"CE, CFF",Liên hệ,Liên hệ : 19009018,day_du,,https://keybolts.com.vn/gia-xoong-noi-bat-dia-giam-chan-dang-nan-700mm,,Giá Xoong Nồi Bát Đĩa Giảm Chấn Dạng Nan 700mm | Công Ty Cổ Phần Sản Xuất - Thương Mại và Dịch Vụ Việt Long Bắc Ninh,"Giá Xoong Nồi, Bát Đĩa Giảm Chấn Dạng Nan 700mm, phụ kiện tủ-bếp, chất liệu Inox, màu Màu INOX. Liên hệ Keybolts: 19009018."
65,"Giá Xoong Nồi, Bát Đĩa Giảm Chấn Dạng Nan 800mm-900mm",,PHỤ KIỆN TỦ-BẾP,Màu INOX,Inox,"CE, CFF",Liên hệ,Liên hệ : 19009018,day_du,,https://keybolts.com.vn/gia-xoong-noi-bat-dia-giam-chan-dang-nan-800mm-900mm,,Giá Xoong Nồi Bát Đĩa Giảm Chấn Dạng Nan 800mm-900mm | Công Ty Cổ Phần Sản Xuất - Thương Mại và Dịch Vụ Việt Long Bắc Ninh,"Giá Xoong Nồi, Bát Đĩa Giảm Chấn Dạng Nan 800mm-900mm, phụ kiện tủ-bếp, chất liệu Inox, màu Màu INOX. Liên hệ Keybolts: 19009018."
66,Khóa Biệt Thự KeyBolts 109-LC,KeyBolts KB 109-LC,KHÓA VÂN TAY,Vàng RG,Đồng,,Liên hệ,Liên hệ : 19009018,day_du,,https://keybolts.com.vn/khoa-biet-thu-keybolts-109-lc,https://keybolts.com.vn/sites/default/files/109_lc.jpg,Khóa Biệt Thự KeyBolts 109-LC | Công Ty Cổ Phần Sản Xuất - Thương Mại và Dịch Vụ Việt Long Bắc Ninh,"Khóa Biệt Thự KeyBolts 109-LC, mã KeyBolts KB 109-LC, khóa vân tay, chất liệu Đồng, màu Vàng RG. Liên hệ Keybolts: 19009018."
67,Khóa Biệt Thự KeyBolts 109-LM,KeyBolts KB-109- LM,KHÓA VÂN TAY,Vàng RG,Đồng,,Liên hệ,Liên hệ : 19009018,day_du,,https://keybolts.com.vn/khoa-biet-thu-keybolts-109-lm,,Khóa Biệt Thự KeyBolts 109-LM | Keybolts,"Khóa Biệt Thự KeyBolts 109-LM, mã KeyBolts KB-109- LM, khóa vân tay, chất liệu Đồng, màu Vàng RG. Liên hệ Keybolts: 19009018."
68,Khóa Biệt Thự KeyBolts 109-SM,KB-109-SM,KHÓA VÂN TAY,Vàng RG,Đồng,,Liên hệ,Liên hệ : 19009018,day_du,,https://keybolts.com.vn/khoa-biet-thu-keybolts-109-sm,,Khóa Biệt Thự KeyBolts 109-SM | Keybolts,"Khóa Biệt Thự KeyBolts 109-SM, mã KB-109-SM, khóa vân tay, chất liệu Đồng, màu Vàng RG. Liên hệ Keybolts: 19009018."
69,Khóa Biệt Thự KeyBolts 9310-LC,KB 9310 LC,KHÓA VÂN TAY,Vàng RG,Đồng,,Liên hệ,Liên hệ : 19009018,day_du,,https://keybolts.com.vn/khoa-biet-thu-keybolts-9310-lc,https://keybolts.com.vn/sites/default/files/9310_lc.jpg,Khóa Biệt Thự KeyBolts 9310-LC | Công Ty Cổ Phần Sản Xuất - Thương Mại và Dịch Vụ Việt Long Bắc Ninh,"Khóa Biệt Thự KeyBolts 9310-LC, mã KB 9310 LC, khóa vân tay, chất liệu Đồng, màu Vàng RG. Liên hệ Keybolts: 19009018."
70,Khóa Biệt Thự KeyBolts 9310-LC DSF,KeyBolts KB 9310-LC DSF,KHÓA VÂN TAY,Rêu DSF,Đồng,,Liên hệ,Liên hệ : 19009018,day_du,,https://keybolts.com.vn/khoa-biet-thu-keybolts-9310-lc-dsf,https://keybolts.com.vn/sites/default/files/9310_lc_dsf1.png,Khóa Biệt Thự KeyBolts 9310-LC DSF | Công Ty Cổ Phần Sản Xuất - Thương Mại và Dịch Vụ Việt Long Bắc Ninh,"Khóa Biệt Thự KeyBolts 9310-LC DSF, mã KeyBolts KB 9310-LC DSF, khóa vân tay, chất liệu Đồng, màu Rêu DSF. Liên hệ Keybolts: 19009018."
71,Khóa Biệt Thự KeyBolts 9310-LM RG,KeyBolts KB-9310 LM,KHÓA VÂN TAY,Vàng RG,Đồng,,Liên hệ,Liên hệ : 19009018,day_du,,https://keybolts.com.vn/khoa-biet-thu-keybolts-9310-lm-rg,,Khóa Biệt Thự KeyBolts 9310-LM RG | Keybolts,"Khóa Biệt Thự KeyBolts 9310-LM RG, mã KeyBolts KB-9310 LM, khóa vân tay, chất liệu Đồng, màu Vàng RG. Liên hệ Keybolts: 19009018."
72,Khóa Biệt Thự KeyBolts 9310-SM,KeyBolts KB-9310 SM,KHÓA VÂN TAY,Vàng RG,Đồng,,Liên hệ,Liên hệ : 19009018,day_du,,https://keybolts.com.vn/khoa-biet-thu-keybolts-9310-sm,https://keybolts.com.vn/sites/default/files/9310_sm.jpg,Khóa Biệt Thự KeyBolts 9310-SM | Công Ty Cổ Phần Sản Xuất - Thương Mại và Dịch Vụ Việt Long Bắc Ninh,"Khóa Biệt Thự KeyBolts 9310-SM, mã KeyBolts KB-9310 SM, khóa vân tay, chất liệu Đồng, màu Vàng RG. Liên hệ Keybolts: 19009018."
73,Khóa Biệt Thự KeyBolts 9310-SM DSF,KeyBolts KB 9310-SM DSF,KHÓA VÂN TAY,,Đồng,,Liên hệ,Liên hệ : 19009018,day_du,,https://keybolts.com.vn/khoa-biet-thu-keybolts-9310-sm-dsf,https://keybolts.com.vn/sites/default/files/kb-9310_sm-dsf_0.png,Khóa Biệt Thự KeyBolts 9310-SM DSF | Công Ty Cổ Phần Sản Xuất - Thương Mại và Dịch Vụ Việt Long Bắc Ninh,"Khóa Biệt Thự KeyBolts 9310-SM DSF, mã KeyBolts KB 9310-SM DSF, khóa vân tay, chất liệu Đồng. Liên hệ Keybolts: 19009018."
74,Khóa Biệt Thự KeyBolts D80,KB D80,KHÓA VÂN TAY,,,,Liên hệ,Liên hệ : 19009018,day_du,,https://keybolts.com.vn/khoa-biet-thu-keybolts-d80,https://keybolts.com.vn/sites/default/files/d80_0.png,Khóa Biệt Thự KeyBolts D80 | Công Ty Cổ Phần Sản Xuất - Thương Mại và Dịch Vụ Việt Long Bắc Ninh,"Khóa Biệt Thự KeyBolts D80, mã KB D80, khóa vân tay. Liên hệ Keybolts: 19009018."
75,Khóa Biệt Thự KeyBolts KB 8008,KB 8008,KHÓA VÂN TAY,"Vàng PVD, màu INOX, Hồng",Hợp Kim Chịu Lực,,Liên hệ,Liên hệ : 19009018,day_du,,https://keybolts.com.vn/khoa-biet-thu-keybolts-kb-8008,,Khóa Thẻ Từ Khách Sạn -Khóa Khách Sạn -Bảo Hành 5-10 năm | Keybolts-Việt Nam,"Khóa Biệt Thự KeyBolts KB 8008, mã KB 8008, khóa vân tay, chất liệu Hợp Kim Chịu Lực, màu Vàng PVD, màu INOX, Hồng. Liên hệ Keybolts: 19009018."
76,Khóa Biệt Thự KeyBolts KBVIP,KBVIP,KHÓA VÂN TAY,,,,Liên hệ,Liên hệ : 19009018,day_du,,https://keybolts.com.vn/khoa-biet-thu-keybolts-kbvip,,Khóa Biệt Thự KeyBolts KBVIP | Công Ty Cổ Phần Sản Xuất - Thương Mại và Dịch Vụ Việt Long Bắc Ninh,"Khóa Biệt Thự KeyBolts KBVIP, mã KBVIP, khóa vân tay. Liên hệ Keybolts: 19009018."
77,Khóa Cửa Âm Cửa Lùa Đồng Mạ Vàng TH55-24K,TH55-24K,KHÓA ÂM,Rêu DSF,Đồng thau,,Liên hệ,Liên hệ : 19009018,day_du,Đã đối chiếu và sửa lại thứ tự sau lỗi timeout ở lần crawl trước.,https://keybolts.com.vn/khoa-cua-am-cua-lua-dong-ma-vang-th55-24k,https://keybolts.com.vn/sites/default/files/khoa_am_th_55_-_24k.jpg,Khóa Âm Cửa Lùa-Phụ Kiện Khóa -Bảo Hành 5-10 năm | Keybolts-Việt Nam,"Khóa Cửa Âm Cửa Lùa Đồng Mạ Vàng TH55-24K, mã TH55-24K, khóa âm, chất liệu Đồng thau, màu Rêu DSF. Liên hệ Keybolts: 19009018."
78,Khóa Cửa Âm Cửa Lùa Đồng Mạ Vàng TH55-DSF,TH55-DSF,KHÓA ÂM,Rêu DSF,Đồng thau,,Liên hệ,Liên hệ : 19009018,day_du,Đã đối chiếu và sửa lại thứ tự sau lỗi timeout ở lần crawl trước.,https://keybolts.com.vn/khoa-cua-am-cua-lua-dong-ma-vang-th55-dsf,https://keybolts.com.vn/sites/default/files/khoa_am_th_55_-_dsf.jpg,Khóa Âm Cửa Lùa-Phụ Kiện Khóa -Bảo Hành 5-10 năm | Keybolts-Việt Nam,"Khóa Cửa Âm Cửa Lùa Đồng Mạ Vàng TH55-DSF, mã TH55-DSF, khóa âm, chất liệu Đồng thau, màu Rêu DSF. Liên hệ Keybolts: 19009018."
79,Khóa Gạt Tay INOX KB 200-SUS-201,KB 201-SUS-201,KHÓA TAY GẠT INOX,Màu INOX,Inox 201,,Liên hệ,Liên hệ : 19009018,day_du,Đã đối chiếu và sửa lại thứ tự sau lỗi timeout ở lần crawl trước.,https://keybolts.com.vn/khoa-gat-tay-inox-kb-200-sus-201,,Khóa Cửa Gạt Tay INOX 304-Khóa INOX -Bảo Hành 5-10 năm | Keybolts-Việt Nam,"Khóa Gạt Tay INOX KB 200-SUS-201, mã KB 201-SUS-201, khóa tay gạt inox, chất liệu Inox 201, màu Màu INOX. Liên hệ Keybolts: 19009018."
80,Khóa Gạt Tay INOX KB 200-SUS-304-1D,KB 200-SUS-304-1D,KHÓA TAY GẠT INOX,Màu INOX,INOX 304,,Liên hệ,Liên hệ : 19009018,day_du,Đã đối chiếu và sửa lại thứ tự sau lỗi timeout ở lần crawl trước.,https://keybolts.com.vn/khoa-gat-tay-inox-kb-200-sus-304-1d,,Khóa Cửa Gạt Tay INOX 304-Khóa INOX -Bảo Hành 5-10 năm | Keybolts-Việt Nam,"Khóa Gạt Tay INOX KB 200-SUS-304-1D, mã KB 200-SUS-304-1D, khóa tay gạt inox, chất liệu INOX 304, màu Màu INOX. Liên hệ Keybolts: 19009018."
81,Khóa Gạt Tay INOX KB 260-SUS-304-1D,KB 260-SUS-304-1D,KHÓA TAY GẠT INOX,Màu INOX,INOX 304,,Liên hệ,Liên hệ : 19009018,day_du,Đã đối chiếu và sửa lại thứ tự sau lỗi timeout ở lần crawl trước.,https://keybolts.com.vn/khoa-gat-tay-inox-kb-260-sus-304-1d,,Khóa Cửa Gạt Tay INOX 304-Khóa INOX Nhập Khẩu-Bảo Hành 5-10 năm | Keybolts-Việt Nam,"Khóa Gạt Tay INOX KB 260-SUS-304-1D, mã KB 260-SUS-304-1D, khóa tay gạt inox, chất liệu INOX 304, màu Màu INOX. Liên hệ Keybolts: 19009018."
82,Khóa Gạt Tay INOX KB 300-SUS-304-2D,KB 300-SUS-304-2D,KHÓA TAY GẠT INOX,Màu INOX,INOX 304,,Liên hệ,Liên hệ : 19009018,day_du,Đã đối chiếu và sửa lại thứ tự sau lỗi timeout ở lần crawl trước.,https://keybolts.com.vn/khoa-gat-tay-inox-kb-300-sus-304-2d,,Khóa Cửa Gạt Tay INOX 304-Khóa INOX-Bảo Hành 5-10 năm | Keybolts-Việt Nam,"Khóa Gạt Tay INOX KB 300-SUS-304-2D, mã KB 300-SUS-304-2D, khóa tay gạt inox, chất liệu INOX 304, màu Màu INOX. Liên hệ Keybolts: 19009018."
83,Khóa Thẻ Từ Khách Sạn KB 9002-PVD,KB 9002,KHOÁ THẺ TỪ KHÁCH SẠN,"Vàng PVD, màu INOX, Hồng",Thép cao cấp không gỉ,,Liên hệ,Liên hệ : 19009018,day_du,Đã đối chiếu và sửa lại thứ tự sau lỗi timeout ở lần crawl trước.,https://keybolts.com.vn/khoa-the-tu-khach-san-kb-9002-pvd,,Khóa Thẻ Từ Khách Sạn -Khóa Khách Sạn-Bảo Hành 5-10 năm | Keybolts-Việt Nam,"Khóa Thẻ Từ Khách Sạn KB 9002-PVD, mã KB 9002, khoá thẻ từ khách sạn, chất liệu Thép cao cấp không gỉ, màu Vàng PVD, màu INOX, Hồng. Liên hệ Keybolts"
84,Khóa Thẻ Từ Khách Sạn KB-9005 INOX,KB9005 INOX,KHOÁ THẺ TỪ KHÁCH SẠN,"Vàng PVD, màu INOX, Hồng",Thép cao cấp không gỉ,,Liên hệ,Liên hệ : 19009018,day_du,Đã đối chiếu và sửa lại thứ tự sau lỗi timeout ở lần crawl trước.,https://keybolts.com.vn/khoa-the-tu-khach-san-kb-9005-inox,,Khóa Thẻ Từ Khách Sạn -Khóa Khách Sạn-Bảo Hành 5-10 năm | Keybolts-Việt Nam,"Khóa Thẻ Từ Khách Sạn KB-9005 INOX, mã KB9005 INOX, khoá thẻ từ khách sạn, chất liệu Thép cao cấp không gỉ, màu Vàng PVD, màu INOX, Hồng. Liên hệ Keybolts"
85,Khóa Thẻ Từ Khách Sạn KB-9005 PVD,KB-9005 PVD,KHOÁ THẺ TỪ KHÁCH SẠN,Vàng bóng PVD,Đồng,,Liên hệ,Liên hệ : 19009018,day_du,Đã đối chiếu và sửa lại thứ tự sau lỗi timeout ở lần crawl trước.,https://keybolts.com.vn/khoa-the-tu-khach-san-kb-9005-pvd,,Khóa Thẻ Từ Khách Sạn -Khóa Khách Sạn-Bảo Hành 5-10 năm | Keybolts-Việt Nam,"Khóa Thẻ Từ Khách Sạn KB-9005 PVD, mã KB-9005 PVD, khoá thẻ từ khách sạn, chất liệu Đồng, màu Vàng bóng PVD. Liên hệ Keybolts: 19009018."
86,Khóa Thẻ Từ Khách Sạn KB-9008 INOX,KB-9008 INOX,KHOÁ THẺ TỪ KHÁCH SẠN,Màu INOX,INOX 304,,Liên hệ,Liên hệ : 19009018,day_du,Đã đối chiếu và sửa lại thứ tự sau lỗi timeout ở lần crawl trước.,https://keybolts.com.vn/khoa-the-tu-khach-san-kb-9008-inox,,Khóa Thẻ Từ Khách Sạn -Khóa Khách Sạn-Bảo Hành 5-10 năm | Keybolts-Việt Nam,"Khóa Thẻ Từ Khách Sạn KB-9008 INOX, mã KB-9008 INOX, khoá thẻ từ khách sạn, chất liệu INOX 304, màu Màu INOX. Liên hệ Keybolts: 19009018."
87,Khóa Thẻ Từ Khách Sạn KB-9008 PVD,KB-9008 PVD,KHOÁ THẺ TỪ KHÁCH SẠN,"Vàng PVD, màu INOX, Hồng",Thép cao cấp không gỉ,,Liên hệ,Liên hệ : 19009018,day_du,Đã đối chiếu và sửa lại thứ tự sau lỗi timeout ở lần crawl trước.,https://keybolts.com.vn/khoa-the-tu-khach-san-kb-9008-pvd,,Khóa Thẻ Từ Khách Sạn -Khóa Khách Sạn-Bảo Hành 5-10 năm | Keybolts-Việt Nam,"Khóa Thẻ Từ Khách Sạn KB-9008 PVD, mã KB-9008 PVD, khoá thẻ từ khách sạn, chất liệu Thép cao cấp không gỉ, màu Vàng PVD, màu INOX, Hồng. Liên hệ Keybolts"
88,Khóa thông minh baltica BD01,BD01,KHÓA THÔNG MINH,,Hợp Kim,,Liên hệ,Liên hệ : 19009018,day_du,Đã đối chiếu và sửa lại thứ tự sau lỗi timeout ở lần crawl trước.,https://keybolts.com.vn/khoa-thong-minh-baltica-bd01,,Khóa thông minh baltica BD01 | Công Ty Cổ Phần Sản Xuất - Thương Mại và Dịch Vụ Việt Long Bắc Ninh,"Khóa thông minh baltica BD01, mã BD01, khóa thông minh, chất liệu Hợp Kim. Liên hệ Keybolts: 19009018."
89,Khóa Thông Minh baltica C21,,KHÓA THÔNG MINH,,,,Liên hệ,Liên hệ : 19009018,day_du,Đã đối chiếu và sửa lại thứ tự sau lỗi timeout ở lần crawl trước.,https://keybolts.com.vn/khoa-thong-minh-baltica-c21,,Khóa Thông Minh baltica C21 | Công Ty Cổ Phần Sản Xuất - Thương Mại và Dịch Vụ Việt Long Bắc Ninh,"Khóa Thông Minh baltica C21, khóa thông minh. Liên hệ Keybolts: 19009018."
90,Khóa Thông Minh baltica K42,,KHÓA THÔNG MINH,,,,Liên hệ,Liên hệ : 19009018,day_du,Đã đối chiếu và sửa lại thứ tự sau lỗi timeout ở lần crawl trước.,https://keybolts.com.vn/khoa-thong-minh-baltica-k42,,Khóa Thông Minh baltica K42 | Công Ty Cổ Phần Sản Xuất - Thương Mại và Dịch Vụ Việt Long Bắc Ninh,"Khóa Thông Minh baltica K42, khóa thông minh. Liên hệ Keybolts: 19009018."
91,Khóa Thông Minh baltica P20,,KHÓA THÔNG MINH,,,,Liên hệ,Liên hệ : 19009018,day_du,Đã đối chiếu và sửa lại thứ tự sau lỗi timeout ở lần crawl trước.,https://keybolts.com.vn/khoa-thong-minh-baltica-p20,,Khóa Thông Minh baltica P20 | Công Ty Cổ Phần Sản Xuất - Thương Mại và Dịch Vụ Việt Long Bắc Ninh,"Khóa Thông Minh baltica P20, khóa thông minh. Liên hệ Keybolts: 19009018."
92,Khóa Thông Minh baltica Z15,,KHÓA THÔNG MINH,,,,Liên hệ,Liên hệ : 19009018,day_du,Đã đối chiếu và sửa lại thứ tự sau lỗi timeout ở lần crawl trước.,https://keybolts.com.vn/khoa-thong-minh-baltica-z15,,Khóa Thông Minh baltica Z15 | Công Ty Cổ Phần Sản Xuất - Thương Mại và Dịch Vụ Việt Long Bắc Ninh,"Khóa Thông Minh baltica Z15, khóa thông minh. Liên hệ Keybolts: 19009018."
93,Khóa Thông Minh baltica Z17,,KHÓA THÔNG MINH,,,,Liên hệ,Liên hệ : 19009018,day_du,Đã đối chiếu và sửa lại thứ tự sau lỗi timeout ở lần crawl trước.,https://keybolts.com.vn/khoa-thong-minh-baltica-z17,,Khóa Thông Minh baltica Z17 | Công Ty Cổ Phần Sản Xuất - Thương Mại và Dịch Vụ Việt Long Bắc Ninh,"Khóa Thông Minh baltica Z17, khóa thông minh. Liên hệ Keybolts: 19009018."
94,Khóa Thông Minh Keybolts D01,KB D01,KHÓA THÔNG MINH,Màu Đen và Màu Trắng,Hợp kim chịu lực,,Liên hệ,Liên hệ : 19009018,day_du,Đã đối chiếu và sửa lại thứ tự sau lỗi timeout ở lần crawl trước.,https://keybolts.com.vn/khoa-thong-minh-keybolts-d01,,Khóa Thông Minh Keybolts D01 | Công Ty Cổ Phần Sản Xuất - Thương Mại và Dịch Vụ Việt Long Bắc Ninh,"Khóa Thông Minh Keybolts D01, mã KB D01, khóa thông minh, chất liệu Hợp kim chịu lực, màu Màu Đen và Màu Trắng. Liên hệ Keybolts: 19009018."
95,Khóa Thông Minh Keybolts Min-01,KB MIN-01,KHÓA THÔNG MINH,,Hợp Kim,,Liên hệ,Liên hệ : 19009018,day_du,Đã đối chiếu và sửa lại thứ tự sau lỗi timeout ở lần crawl trước.,https://keybolts.com.vn/khoa-thong-minh-keybolts-min-01,,Khóa Thông Minh Keybolts Min-01 | Công Ty Cổ Phần Sản Xuất - Thương Mại và Dịch Vụ Việt Long Bắc Ninh,"Khóa Thông Minh Keybolts Min-01, mã KB MIN-01, khóa thông minh, chất liệu Hợp Kim. Liên hệ Keybolts: 19009018."
96,Khóa Thông Minh Keybolts P60,KB P60,KHÓA THÔNG MINH,,Hợp Kim,,Liên hệ,Liên hệ : 19009018,day_du,Đã đối chiếu và sửa lại thứ tự sau lỗi timeout ở lần crawl trước.,https://keybolts.com.vn/khoa-thong-minh-keybolts-p60,,Khóa Thông Minh Keybolts P60 | Công Ty Cổ Phần Sản Xuất - Thương Mại và Dịch Vụ Việt Long Bắc Ninh,"Khóa Thông Minh Keybolts P60, mã KB P60, khóa thông minh, chất liệu Hợp Kim. Liên hệ Keybolts: 19009018."
97,Khóa Thông Minh Keybolts P70-1,KB P70-1,KHÓA THÔNG MINH,,,,Liên hệ,Liên hệ : 19009018,day_du,,https://keybolts.com.vn/khoa-thong-minh-keybolts-p70-1,,Khóa Thông Minh Keybolts P70-1 | Keybolts,"Khóa Thông Minh Keybolts P70-1, mã KB P70-1, khóa thông minh. Liên hệ Keybolts: 19009018."
98,Khóa Thông Minh Keybolts P70-5,KB P70-5,KHÓA THÔNG MINH,,,,Liên hệ,Liên hệ : 19009018,day_du,,https://keybolts.com.vn/khoa-thong-minh-keybolts-p70-5,,Khóa Thông Minh Keybolts P70-5 | Keybolts,"Khóa Thông Minh Keybolts P70-5, mã KB P70-5, khóa thông minh. Liên hệ Keybolts: 19009018."
99,Khóa thông minh Keybolts P80,KB P80,KHÓA THÔNG MINH,,Hợp Kim,,Liên hệ,Liên hệ : 19009018,day_du,,https://keybolts.com.vn/khoa-thong-minh-keybolts-p80,,Khóa thông minh Keybolts P80 | Keybolts,"Khóa thông minh Keybolts P80, mã KB P80, khóa thông minh, chất liệu Hợp Kim. Liên hệ Keybolts: 19009018."
100,Khóa Thông Minh Keybolts P90,KB P90,KHÓA THÔNG MINH,,,,Liên hệ,Liên hệ : 19009018,day_du,,https://keybolts.com.vn/khoa-thong-minh-keybolts-p90,https://keybolts.com.vn/sites/default/files/p90_0.png,Khóa Thông Minh Keybolts P90 | Công Ty Cổ Phần Sản Xuất - Thương Mại và Dịch Vụ Việt Long Bắc Ninh,"Khóa Thông Minh Keybolts P90, mã KB P90, khóa thông minh. Liên hệ Keybolts: 19009018."
101,Khóa Thông Minh Keybolts T18,KB T18,KHÓA THÔNG MINH,,,,Liên hệ,Liên hệ : 19009018,day_du,,https://keybolts.com.vn/khoa-thong-minh-keybolts-t18,,Khóa Thông Minh Keybolts T18 | Keybolts,"Khóa Thông Minh Keybolts T18, mã KB T18, khóa thông minh. Liên hệ Keybolts: 19009018."
102,Khóa Thông Minh Keybolts T28,KB T28,KHÓA THÔNG MINH,,,,Liên hệ,Liên hệ : 19009018,day_du,,https://keybolts.com.vn/khoa-thong-minh-keybolts-t28,https://keybolts.com.vn/sites/default/files/khoa_thong_minh_t28_0.png,Khóa Thông Minh Keybolts T28 | Công Ty Cổ Phần Sản Xuất - Thương Mại và Dịch Vụ Việt Long Bắc Ninh,"Khóa Thông Minh Keybolts T28, mã KB T28, khóa thông minh. Liên hệ Keybolts: 19009018."
103,Khóa Thông Minh Keybolts T29,KB T29,KHÓA THÔNG MINH,,,,Liên hệ,Liên hệ : 19009018,day_du,,https://keybolts.com.vn/khoa-thong-minh-keybolts-t29,https://keybolts.com.vn/sites/default/files/t29_0.png,Khóa Thông Minh Keybolts T29 | Công Ty Cổ Phần Sản Xuất - Thương Mại và Dịch Vụ Việt Long Bắc Ninh,"Khóa Thông Minh Keybolts T29, mã KB T29, khóa thông minh. Liên hệ Keybolts: 19009018."
104,Khóa Thông Minh Keybolts T88,KB T88,KHÓA THÔNG MINH,,,,Liên hệ,Liên hệ : 19009018,day_du,,https://keybolts.com.vn/khoa-thong-minh-keybolts-t88,https://keybolts.com.vn/sites/default/files/t88_0.png,Khóa Thông Minh Keybolts T88 | Công Ty Cổ Phần Sản Xuất - Thương Mại và Dịch Vụ Việt Long Bắc Ninh,"Khóa Thông Minh Keybolts T88, mã KB T88, khóa thông minh. Liên hệ Keybolts: 19009018."
105,Khóa Thông Minh Keybolts V517,KB V517,KHÓA THÔNG MINH,,,,Liên hệ,Liên hệ : 19009018,day_du,,https://keybolts.com.vn/khoa-thong-minh-keybolts-v517,https://keybolts.com.vn/sites/default/files/khoa_thong_minh_v517_dong.png,Khóa Thông Minh Keybolts V517 | Công Ty Cổ Phần Sản Xuất - Thương Mại và Dịch Vụ Việt Long Bắc Ninh,"Khóa Thông Minh Keybolts V517, mã KB V517, khóa thông minh. Liên hệ Keybolts: 19009018."
106,Khóa Vân Tay Cửa Kính Thủy Lực KB 8150,KB 8150,KHÓA VÂN TAY,,,,Liên hệ,Liên hệ : 19009018,day_du,,https://keybolts.com.vn/khoa-van-tay-cua-kinh-thuy-luc-kb-8150,,Khóa Vân Tay Cửa Kính Thủy Lực KB 8150 | Keybolts,"Khóa Vân Tay Cửa Kính Thủy Lực KB 8150, mã KB 8150, khóa vân tay. Liên hệ Keybolts: 19009018."
107,Khóa Đồng Thông Phòng KB 108-S-DSF,KB 108-S-DSF,KHÓA TAY GẠT ĐỒNG THÔNG PHÒNG,Rêu DSF,Đồng,,Liên hệ,Liên hệ : 19009018,day_du,,https://keybolts.com.vn/khoa-dong-thong-phong-kb-108-s-dsf,https://keybolts.com.vn/sites/default/files/kb-108108-s-dsf.png,Khóa Cửa Đồng Thông Phòng KB 108-S-DSF Khóa Đồng Nhập Khẩu-Bảo Hành 5-10 năm | Keybolts-Việt Nam,"Khóa Đồng Thông Phòng KB 108-S-DSF, mã KB 108-S-DSF, khóa tay gạt đồng thông phòng, chất liệu Đồng, màu Rêu DSF. Liên hệ Keybolts: 19009018."
108,Khóa Đồng Thông Phòng KB 108-S-PVD,KB 108-S-PVD,KHÓA TAY GẠT ĐỒNG THÔNG PHÒNG,Vàng bóng PVD,Đồng thau,,Liên hệ,Liên hệ : 19009018,day_du,,https://keybolts.com.vn/khoa-dong-thong-phong-kb-108-s-pvd,,Khóa Cửa Đồng Thông Phòng KB 108-S-PVD Khóa Đồng Nhập Khẩu-Bảo Hành 5-10 năm | Keybolts-Việt Nam,"Khóa Đồng Thông Phòng KB 108-S-PVD, mã KB 108-S-PVD, khóa tay gạt đồng thông phòng, chất liệu Đồng thau, màu Vàng bóng PVD. Liên hệ Keybolts: 19009018."
109,Khóa Đồng Thông Phòng KB 1700-S-DSF,1700-S-DSF,KHÓA TAY GẠT ĐỒNG THÔNG PHÒNG,Rêu DSF,Đồng,,Liên hệ,Liên hệ : 19009018,day_du,,https://keybolts.com.vn/khoa-dong-thong-phong-kb-1700-s-dsf,,Khóa Cửa Đồng Thông Phòng KB 1700-S-DSF Mạ Vàng-Khóa Đồng Nhập Khẩu-Bảo Hành 5-10 năm | Keybolts-Việt Nam,"Khóa Đồng Thông Phòng KB 1700-S-DSF, mã 1700-S-DSF, khóa tay gạt đồng thông phòng, chất liệu Đồng, màu Rêu DSF. Liên hệ Keybolts: 19009018."
110,Khóa Đồng Thông Phòng KB 1700-S-PVD,1700-S-PVD,KHÓA TAY GẠT ĐỒNG THÔNG PHÒNG,Vàng bóng PVD,Đồng,,Liên hệ,Liên hệ : 19009018,day_du,,https://keybolts.com.vn/khoa-dong-thong-phong-kb-1700-s-pvd,,Khóa Cửa Đồng Thông Phòng KB 1700-S-PVD Mạ Vàng-Khóa Đồng Nhập Khẩu-Bảo Hành 5-10 năm | Keybolts-Việt Nam,"Khóa Đồng Thông Phòng KB 1700-S-PVD, mã 1700-S-PVD, khóa tay gạt đồng thông phòng, chất liệu Đồng, màu Vàng bóng PVD. Liên hệ Keybolts: 19009018."
111,Khóa Đồng Thông Phòng KB 1700-S-YB,1700-S-YB,KHÓA TAY GẠT ĐỒNG THÔNG PHÒNG,Vàng YB,Đồng,,Liên hệ,Liên hệ : 19009018,day_du,,https://keybolts.com.vn/khoa-dong-thong-phong-kb-1700-s-yb,,Khóa Cửa Đồng Thông Phòng KB 1700-S-YB Mạ Vàng-Khóa Đồng Nhập Khẩu-Bảo Hành 5- 10 năm | Keybolts-Việt Nam,"Khóa Đồng Thông Phòng KB 1700-S-YB, mã 1700-S-YB, khóa tay gạt đồng thông phòng, chất liệu Đồng, màu Vàng YB. Liên hệ Keybolts: 19009018."
112,Khóa Đồng Thông Phòng KB 1701-S-DSF,KB 1701-S-DSF,KHÓA TAY GẠT ĐỒNG THÔNG PHÒNG,Rêu DSF,Đồng,,Liên hệ,Liên hệ : 19009018,day_du,,https://keybolts.com.vn/khoa-dong-thong-phong-kb-1701-s-dsf,,Khóa Đồng Thông Phòng KB 1701-S-DSF | Keybolts,"Khóa Đồng Thông Phòng KB 1701-S-DSF, mã KB 1701-S-DSF, khóa tay gạt đồng thông phòng, chất liệu Đồng, màu Rêu DSF. Liên hệ Keybolts: 19009018."
113,Khóa Đồng Thông Phòng KB 1701-S-PVD,KB 1701-S-PVD,KHÓA TAY GẠT ĐỒNG THÔNG PHÒNG,Vàng bóng PVD,Đồng,,Liên hệ,Liên hệ : 19009018,day_du,,https://keybolts.com.vn/khoa-dong-thong-phong-kb-1701-s-pvd,,Khóa Cửa Đồng Thông Phòng KB 1701-S-PVD Khóa Đồng Nhập Khẩu-Bảo Hành 10 năm | Keybolts-Việt Nam,"Khóa Đồng Thông Phòng KB 1701-S-PVD, mã KB 1701-S-PVD, khóa tay gạt đồng thông phòng, chất liệu Đồng, màu Vàng bóng PVD. Liên hệ Keybolts: 19009018."
114,Khóa Đồng Thông Phòng KB 1701-S-RG,KB 1701-S-RG,KHÓA TAY GẠT ĐỒNG THÔNG PHÒNG,Vàng RG,Đồng,,Liên hệ,Liên hệ : 19009018,day_du,,https://keybolts.com.vn/khoa-dong-thong-phong-kb-1701-s-rg,,Khóa Cửa Đồng Thông Phòng KB 1701-S-RG Khóa Đồng Nhập Khẩu-Bảo Hành 10 năm | Keybolts-Việt Nam,"Khóa Đồng Thông Phòng KB 1701-S-RG, mã KB 1701-S-RG, khóa tay gạt đồng thông phòng, chất liệu Đồng, màu Vàng RG. Liên hệ Keybolts: 19009018."
115,Khóa Đồng Thông Phòng KB 36101-S-DSF,KB 36101-S-DSF,KHÓA TAY GẠT ĐỒNG THÔNG PHÒNG,Rêu DSF,Đồng,,Liên hệ,Liên hệ : 19009018,day_du,,https://keybolts.com.vn/khoa-dong-thong-phong-kb-36101-s-dsf,,Khóa Cửa Đồng Thông Phòng KB 36101-S-DSF Khóa Đồng Nhập Khẩu-Bảo Hành 10 năm | Keybolts,"Khóa Đồng Thông Phòng KB 36101-S-DSF, mã KB 36101-S-DSF, khóa tay gạt đồng thông phòng, chất liệu Đồng, màu Rêu DSF. Liên hệ Keybolts: 19009018."
116,Khóa Đồng Thông Phòng KB 8110-S-DSF,KB 8110-S-DSF,KHÓA TAY GẠT ĐỒNG THÔNG PHÒNG,Rêu DSF,Đồng,,Liên hệ,Liên hệ : 19009018,day_du,,https://keybolts.com.vn/khoa-dong-thong-phong-kb-8110-s-dsf,,Khóa Cửa Đồng Thông Phòng KB 8110-S-DSF Khóa Đồng Nhập Khẩu-Bảo Hành 5-10 năm | Keybolts-Việt Nam,"Khóa Đồng Thông Phòng KB 8110-S-DSF, mã KB 8110-S-DSF, khóa tay gạt đồng thông phòng, chất liệu Đồng, màu Rêu DSF. Liên hệ Keybolts: 19009018."
117,Khóa Đồng Thông Phòng KB 8110-S-PVD,KB 8110-S-PVD,KHÓA TAY GẠT ĐỒNG THÔNG PHÒNG,Vàng bóng PVD,Đồng,,Liên hệ,Liên hệ : 19009018,day_du,,https://keybolts.com.vn/khoa-dong-thong-phong-kb-8110-s-pvd,,Khóa Cửa Đồng Thông Phòng KB 8110-S-PVD Khóa Đồng Nhập Khẩu-Bảo Hành 5-10 năm | Keybolts-Việt Nam,"Khóa Đồng Thông Phòng KB 8110-S-PVD, mã KB 8110-S-PVD, khóa tay gạt đồng thông phòng, chất liệu Đồng, màu Vàng bóng PVD. Liên hệ Keybolts: 19009018."
118,Khóa Đồng Thông Phòng KB K33-S-DSF,KB K33-S-DSF,KHÓA TAY GẠT ĐỒNG THÔNG PHÒNG,Rêu DSF,Đồng,,Liên hệ,Liên hệ : 19009018,day_du,,https://keybolts.com.vn/khoa-dong-thong-phong-kb-k33-s-dsf,,Khóa Cửa Đồng Thông Phòng KB K33-S-DSF Khóa Đồng Nhập Khẩu-Bảo Hành 5-10 năm | Keybolts-Việt Nam,"Khóa Đồng Thông Phòng KB K33-S-DSF, mã KB K33-S-DSF, khóa tay gạt đồng thông phòng, chất liệu Đồng, màu Rêu DSF. Liên hệ Keybolts: 19009018."
119,Khóa Đồng Thông Phòng KB K33-S-PVD,KB K33-S-PVD,KHÓA TAY GẠT ĐỒNG THÔNG PHÒNG,Vàng bóng PVD,Đồng,,Liên hệ,Liên hệ : 19009018,day_du,,https://keybolts.com.vn/khoa-dong-thong-phong-kb-k33-s-pvd,,Khóa Cửa Đồng Thông Phòng KB K33-S-PVD Khóa Đồng Nhập Khẩu-Bảo Hành 5-10 năm | Keybolts-Việt Nam,"Khóa Đồng Thông Phòng KB K33-S-PVD, mã KB K33-S-PVD, khóa tay gạt đồng thông phòng, chất liệu Đồng, màu Vàng bóng PVD. Liên hệ Keybolts: 19009018."
120,Khóa Đồng Thông Phòng KB K60-S-PVD,KB K60-S-PVD,KHÓA TAY GẠT ĐỒNG THÔNG PHÒNG,Vàng bóng PVD,Đồng thau,,Liên hệ,Liên hệ : 19009018,day_du,,https://keybolts.com.vn/khoa-dong-thong-phong-kb-k60-s-pvd,,Khóa Đồng Thông Phòng KB K60-S-PVD | Keybolts,"Khóa Đồng Thông Phòng KB K60-S-PVD, mã KB K60-S-PVD, khóa tay gạt đồng thông phòng, chất liệu Đồng thau, màu Vàng bóng PVD. Liên hệ Keybolts: 19009018."
121,Khóa Đồng Trung KB 108-M-DSF,KB 108-M-DSF,KHÓA TAY GẠT ĐỒNG TRUNG,Rêu DSF,Đồng,,Liên hệ,Liên hệ : 19009018,day_du,,https://keybolts.com.vn/khoa-dong-trung-kb-108-m-dsf,,Khóa Đồng Trung KB 108-M-DSF | Keybolts,"Khóa Đồng Trung KB 108-M-DSF, mã KB 108-M-DSF, khóa tay gạt đồng trung, chất liệu Đồng, màu Rêu DSF. Liên hệ Keybolts: 19009018."
122,Khóa Đồng Trung KB 108-M-PVD,KB 108-M-PVD,KHÓA TAY GẠT ĐỒNG TRUNG,Vàng bóng PVD,Đồng thau,,Liên hệ,Liên hệ : 19009018,day_du,,https://keybolts.com.vn/khoa-dong-trung-kb-108-m-pvd,,Khóa Đồng Trung KB 108-M-PVD | Keybolts,"Khóa Đồng Trung KB 108-M-PVD, mã KB 108-M-PVD, khóa tay gạt đồng trung, chất liệu Đồng thau, màu Vàng bóng PVD. Liên hệ Keybolts: 19009018."
123,Khóa Đồng Trung KB 1700-M-DSF,KB 1700-M-DSF,KHÓA TAY GẠT ĐỒNG TRUNG,Rêu DSF,Đồng,,Liên hệ,Liên hệ : 19009018,day_du,,https://keybolts.com.vn/khoa-dong-trung-kb-1700-m-dsf,,Khóa Đồng Trung KB 1700-M-DSF | Keybolts,"Khóa Đồng Trung KB 1700-M-DSF, mã KB 1700-M-DSF, khóa tay gạt đồng trung, chất liệu Đồng, màu Rêu DSF. Liên hệ Keybolts: 19009018."
124,Khóa Đồng Trung KB 1700-M-PVD,KB 1700-M-PVD,KHÓA TAY GẠT ĐỒNG TRUNG,Vàng bóng PVD,Đồng,,Liên hệ,Liên hệ : 19009018,day_du,,https://keybolts.com.vn/khoa-dong-trung-kb-1700-m-pvd,,Khóa Đồng Trung KB 1700-M-PVD | Keybolts,"Khóa Đồng Trung KB 1700-M-PVD, mã KB 1700-M-PVD, khóa tay gạt đồng trung, chất liệu Đồng, màu Vàng bóng PVD. Liên hệ Keybolts: 19009018."
125,Khóa Đồng Trung KB 1700-M-YB,KB 1700-M-YB,KHÓA TAY GẠT ĐỒNG TRUNG,Vàng YB,Đồng,,Liên hệ,Liên hệ : 19009018,day_du,,https://keybolts.com.vn/khoa-dong-trung-kb-1700-m-yb,,Khóa Đồng Trung KB 1700-M-YB | Keybolts,"Khóa Đồng Trung KB 1700-M-YB, mã KB 1700-M-YB, khóa tay gạt đồng trung, chất liệu Đồng, màu Vàng YB. Liên hệ Keybolts: 19009018."
126,Khoá Đồng Trung KB 1701-M-DSF,KB 1701-M-DSF,KHÓA TAY GẠT ĐỒNG TRUNG,Rêu DSF,Đồng,,Liên hệ,Liên hệ : 19009018,day_du,,https://keybolts.com.vn/khoa-dong-trung-kb-1701-m-dsf,,Khoá Đồng Trung KB 1701-M-DSF | Keybolts,"Khoá Đồng Trung KB 1701-M-DSF, mã KB 1701-M-DSF, khóa tay gạt đồng trung, chất liệu Đồng, màu Rêu DSF. Liên hệ Keybolts: 19009018."
127,Khóa Đồng Trung KB 1701-M-PVD,KB 1701-M-PVD,KHÓA TAY GẠT ĐỒNG TRUNG,Vàng bóng PVD,Đồng,,Liên hệ,Liên hệ : 19009018,day_du,,https://keybolts.com.vn/khoa-dong-trung-kb-1701-m-pvd,,Khóa Đồng Trung KB 1701-M-PVD | Keybolts,"Khóa Đồng Trung KB 1701-M-PVD, mã KB 1701-M-PVD, khóa tay gạt đồng trung, chất liệu Đồng, màu Vàng bóng PVD. Liên hệ Keybolts: 19009018."
128,Khóa Đồng Trung KB 1701-M-RG,KB 1701-M-RG,KHÓA TAY GẠT ĐỒNG TRUNG,Vàng RG,Đồng,,Liên hệ,Liên hệ : 19009018,day_du,,https://keybolts.com.vn/khoa-dong-trung-kb-1701-m-rg,,Khóa Đồng Trung KB 1701-M-RG | Keybolts,"Khóa Đồng Trung KB 1701-M-RG, mã KB 1701-M-RG, khóa tay gạt đồng trung, chất liệu Đồng, màu Vàng RG. Liên hệ Keybolts: 19009018."
129,Khóa Đồng Trung KB 8110-M-DSF,KB 8110-M-DSF,KHÓA TAY GẠT ĐỒNG TRUNG,Rêu DSF,Đồng,,Liên hệ,Liên hệ : 19009018,day_du,,https://keybolts.com.vn/khoa-dong-trung-kb-8110-m-dsf,,Khóa Đồng Trung KB 8110-M-DSF | Keybolts,"Khóa Đồng Trung KB 8110-M-DSF, mã KB 8110-M-DSF, khóa tay gạt đồng trung, chất liệu Đồng, màu Rêu DSF. Liên hệ Keybolts: 19009018."
130,Khóa Đồng Trung KB 8110-M-PVD,KB 8110-M-PVD,KHÓA TAY GẠT ĐỒNG TRUNG,Vàng bóng PVD,Đồng,,Liên hệ,Liên hệ : 19009018,day_du,,https://keybolts.com.vn/khoa-dong-trung-kb-8110-m-pvd,,Khóa Đồng Trung KB 8110-M-PVD | Keybolts,"Khóa Đồng Trung KB 8110-M-PVD, mã KB 8110-M-PVD, khóa tay gạt đồng trung, chất liệu Đồng, màu Vàng bóng PVD. Liên hệ Keybolts: 19009018."
131,Khóa Đồng Trung KB K60-M-PVD,,KHÓA TAY GẠT ĐỒNG TRUNG,Vàng bóng PVD,Đồng thau,,Liên hệ,Liên hệ : 19009018,day_du,,https://keybolts.com.vn/khoa-dong-trung-kb-k60-m-pvd,,Khóa Đồng Trung KB K60-M-PVD | Keybolts,"Khóa Đồng Trung KB K60-M-PVD, khóa tay gạt đồng trung, chất liệu Đồng thau, màu Vàng bóng PVD. Liên hệ Keybolts: 19009018."
132,Khóa Đồng Đại KB 108-L-DSF,KB 108-L-DSF,KHÓA TAY GẠT ĐỒNG ĐẠI,Rêu DSF,Đồng,,Liên hệ,Liên hệ : 19009018,day_du,,https://keybolts.com.vn/khoa-dong-dai-kb-108-l-dsf,,Khóa Đồng Đại KB 108-L-DSF | Keybolts,"Khóa Đồng Đại KB 108-L-DSF, mã KB 108-L-DSF, khóa tay gạt đồng đại, chất liệu Đồng, màu Rêu DSF. Liên hệ Keybolts: 19009018."
133,Khóa Đồng Đại KB 108-L-PVD,KB 108-L-PVD,KHÓA TAY GẠT ĐỒNG ĐẠI,Vàng bóng PVD,Đồng thau,,Liên hệ,Liên hệ : 19009018,day_du,,https://keybolts.com.vn/khoa-dong-dai-kb-108-l-pvd,,Khóa Đồng Đại KB 108-L-PVD | Keybolts,"Khóa Đồng Đại KB 108-L-PVD, mã KB 108-L-PVD, khóa tay gạt đồng đại, chất liệu Đồng thau, màu Vàng bóng PVD. Liên hệ Keybolts: 19009018."
134,Khóa Đồng Đại KB 1700-L-DSF,KB 1700-L-DSF,KHÓA TAY GẠT ĐỒNG ĐẠI,Rêu DSF,Đồng,,Liên hệ,Liên hệ : 19009018,day_du,,https://keybolts.com.vn/khoa-dong-dai-kb-1700-l-dsf,,Khóa Đồng Đại KB 1700-L-DSF | Keybolts,"Khóa Đồng Đại KB 1700-L-DSF, mã KB 1700-L-DSF, khóa tay gạt đồng đại, chất liệu Đồng, màu Rêu DSF. Liên hệ Keybolts: 19009018."
135,Khóa Đồng Đại KB 1700-L-PVD,KB 1700-L-PVD,KHÓA TAY GẠT ĐỒNG ĐẠI,Vàng bóng PVD,Đồng,,Liên hệ,Liên hệ : 19009018,day_du,,https://keybolts.com.vn/khoa-dong-dai-kb-1700-l-pvd,,Khóa Đồng Đại KB 1700-L-PVD | Keybolts,"Khóa Đồng Đại KB 1700-L-PVD, mã KB 1700-L-PVD, khóa tay gạt đồng đại, chất liệu Đồng, màu Vàng bóng PVD. Liên hệ Keybolts: 19009018."
136,Khóa Đồng Đại KB 1700-L-YB,KB 1700-L-YB,KHÓA TAY GẠT ĐỒNG ĐẠI,Vàng YB,Đồng,,Liên hệ,Liên hệ : 19009018,day_du,,https://keybolts.com.vn/khoa-dong-dai-kb-1700-l-yb,,Khóa Đồng Đại KB 1700-L-YB | Keybolts,"Khóa Đồng Đại KB 1700-L-YB, mã KB 1700-L-YB, khóa tay gạt đồng đại, chất liệu Đồng, màu Vàng YB. Liên hệ Keybolts: 19009018."
137,Khóa Đồng Đại KB 1701-L-DSF,KB 1701-L-DSF,KHÓA TAY GẠT ĐỒNG ĐẠI,Rêu DSF,Đồng,,Liên hệ,Liên hệ : 19009018,day_du,,https://keybolts.com.vn/khoa-dong-dai-kb-1701-l-dsf,,Khóa Đồng Đại KB 1701-L-DSF | Keybolts,"Khóa Đồng Đại KB 1701-L-DSF, mã KB 1701-L-DSF, khóa tay gạt đồng đại, chất liệu Đồng, màu Rêu DSF. Liên hệ Keybolts: 19009018."
138,Khóa Đồng Đại KB 1701-L-PVD,KB 1701-L-PVD,KHÓA TAY GẠT ĐỒNG ĐẠI,Vàng bóng PVD,Đồng,,Liên hệ,Liên hệ : 19009018,day_du,,https://keybolts.com.vn/khoa-dong-dai-kb-1701-l-pvd,,Khóa Đồng Đại KB 1701-L-PVD | Keybolts,"Khóa Đồng Đại KB 1701-L-PVD, mã KB 1701-L-PVD, khóa tay gạt đồng đại, chất liệu Đồng, màu Vàng bóng PVD. Liên hệ Keybolts: 19009018."
139,Khóa Đồng Đại KB 1701-L-RG,KB 1701-L-RG,KHÓA TAY GẠT ĐỒNG ĐẠI,Vàng RG,Đồng,,Liên hệ,Liên hệ : 19009018,day_du,,https://keybolts.com.vn/khoa-dong-dai-kb-1701-l-rg,,Khóa Đồng Đại KB 1701-L-RG | Keybolts,"Khóa Đồng Đại KB 1701-L-RG, mã KB 1701-L-RG, khóa tay gạt đồng đại, chất liệu Đồng, màu Vàng RG. Liên hệ Keybolts: 19009018."
140,Khóa Đồng Đại KB 36101-L-DSF,KB 36101-L-DSF,KHÓA TAY GẠT ĐỒNG ĐẠI,Rêu DSF,Đồng,,Liên hệ,Liên hệ : 19009018,day_du,,https://keybolts.com.vn/khoa-dong-dai-kb-36101-l-dsf,,Khóa Đồng Đại KB 36101-L-DSF | Keybolts,"Khóa Đồng Đại KB 36101-L-DSF, mã KB 36101-L-DSF, khóa tay gạt đồng đại, chất liệu Đồng, màu Rêu DSF. Liên hệ Keybolts: 19009018."
141,Khóa Đồng Đại KB 8110-L-DSF,KB 8110-L-DSF,KHÓA TAY GẠT ĐỒNG ĐẠI,Rêu DSF,Đồng,,Liên hệ,Liên hệ : 19009018,day_du,,https://keybolts.com.vn/khoa-dong-dai-kb-8110-l-dsf,,Khóa Đồng Đại KB 8110-L-DSF | Keybolts,"Khóa Đồng Đại KB 8110-L-DSF, mã KB 8110-L-DSF, khóa tay gạt đồng đại, chất liệu Đồng, màu Rêu DSF. Liên hệ Keybolts: 19009018."
142,Khóa Đồng Đại KB 8110-L-PVD,KB 8110-L-PVD,KHÓA TAY GẠT ĐỒNG ĐẠI,Vàng bóng PVD,Đồng,,Liên hệ,Liên hệ : 19009018,day_du,,https://keybolts.com.vn/khoa-dong-dai-kb-8110-l-pvd,,Khóa Đồng Đại KB 8110-L-PVD | Keybolts,"Khóa Đồng Đại KB 8110-L-PVD, mã KB 8110-L-PVD, khóa tay gạt đồng đại, chất liệu Đồng, màu Vàng bóng PVD. Liên hệ Keybolts: 19009018."
143,Khóa Đồng Đại KB K33-L-DSF,KB K33-L-DSF,KHÓA TAY GẠT ĐỒNG ĐẠI,Rêu DSF,Đồng,,Liên hệ,Liên hệ : 19009018,day_du,,https://keybolts.com.vn/khoa-dong-dai-kb-k33-l-dsf,,Khóa Đồng Đại KB K33-L-DSF | Keybolts,"Khóa Đồng Đại KB K33-L-DSF, mã KB K33-L-DSF, khóa tay gạt đồng đại, chất liệu Đồng, màu Rêu DSF. Liên hệ Keybolts: 19009018."
144,Khóa Đồng Đại KB K33-L-PVD,KB K33-L-PVD,KHÓA TAY GẠT ĐỒNG ĐẠI,Vàng bóng PVD,Đồng,,Liên hệ,Liên hệ : 19009018,day_du,,https://keybolts.com.vn/khoa-dong-dai-kb-k33-l-pvd,,Khóa Đồng Đại KB K33-L-PVD | Keybolts,"Khóa Đồng Đại KB K33-L-PVD, mã KB K33-L-PVD, khóa tay gạt đồng đại, chất liệu Đồng, màu Vàng bóng PVD. Liên hệ Keybolts: 19009018."
145,Khóa Đồng Đại KB K60-L-PVD,,KHÓA TAY GẠT ĐỒNG ĐẠI,Vàng bóng PVD,Đồng thau,,Liên hệ,Liên hệ : 19009018,day_du,,https://keybolts.com.vn/khoa-dong-dai-kb-k60-l-pvd,,Khóa Đồng Đại KB K60-L-PVD | Keybolts,"Khóa Đồng Đại KB K60-L-PVD, khóa tay gạt đồng đại, chất liệu Đồng thau, màu Vàng bóng PVD. Liên hệ Keybolts: 19009018."
146,Khóa Đồng Đại Sảnh KB 108-XL-DSF,KB 108-XL-DSF,KHÓA TAY GẠT ĐỒNG ĐẠI SẢNH,Rêu DSF,Đồng,,Liên hệ,Liên hệ : 19009018,day_du,,https://keybolts.com.vn/khoa-dong-dai-sanh-kb-108-xl-dsf,,Khóa Đồng Đại Sảnh KB 108-XL-DSF | Keybolts,"Khóa Đồng Đại Sảnh KB 108-XL-DSF, mã KB 108-XL-DSF, khóa tay gạt đồng đại sảnh, chất liệu Đồng, màu Rêu DSF. Liên hệ Keybolts: 19009018."
147,Khóa Đồng Đại Sảnh KB 108-XL-PVD,KB 108-XL-PVD,KHÓA TAY GẠT ĐỒNG ĐẠI SẢNH,Vàng bóng PVD,Đồng thau,,Liên hệ,Liên hệ : 19009018,day_du,,https://keybolts.com.vn/khoa-dong-dai-sanh-kb-108-xl-pvd,,Khóa Đồng Đại Sảnh KB 108-XL-PVD | Keybolts,"Khóa Đồng Đại Sảnh KB 108-XL-PVD, mã KB 108-XL-PVD, khóa tay gạt đồng đại sảnh, chất liệu Đồng thau, màu Vàng bóng PVD. Liên hệ Keybolts: 19009018."
148,Khóa Đồng Đại Sảnh KB 1700-XL-DSF,KB 1700-XL-DSF,KHÓA TAY GẠT ĐỒNG ĐẠI SẢNH,Rêu DSF,Đồng,,Liên hệ,Liên hệ : 19009018,day_du,,https://keybolts.com.vn/khoa-dong-dai-sanh-kb-1700-xl-dsf,,Khóa Đồng Đại Sảnh KB 1700-XL-DSF | Keybolts,"Khóa Đồng Đại Sảnh KB 1700-XL-DSF, mã KB 1700-XL-DSF, khóa tay gạt đồng đại sảnh, chất liệu Đồng, màu Rêu DSF. Liên hệ Keybolts: 19009018."
149,Khóa Đồng Đại Sảnh KB 1700-XL-PVD,KB 1700-XL-PVD,KHÓA TAY GẠT ĐỒNG ĐẠI SẢNH,Vàng bóng PVD,Đồng,,Liên hệ,Liên hệ : 19009018,day_du,,https://keybolts.com.vn/khoa-dong-dai-sanh-kb-1700-xl-pvd,,Khóa Đồng Đại Sảnh KB 1700-XL-PVD | Keybolts,"Khóa Đồng Đại Sảnh KB 1700-XL-PVD, mã KB 1700-XL-PVD, khóa tay gạt đồng đại sảnh, chất liệu Đồng, màu Vàng bóng PVD. Liên hệ Keybolts: 19009018."
150,Khóa Đồng Đại Sảnh KB 1700-XL-PVD,KB 1700-XL-PVD,KHÓA TAY GẠT ĐỒNG ĐẠI SẢNH,Vàng bóng PVD,Đồng,,Liên hệ,Liên hệ : 19009018,day_du,,https://keybolts.com.vn/khoa-dong-dai-sanh-kb-1700-xl-pvd-0,,Khóa Đồng Đại Sảnh KB 1700-XL-PVD | Keybolts,"Khóa Đồng Đại Sảnh KB 1700-XL-PVD, mã KB 1700-XL-PVD, khóa tay gạt đồng đại sảnh, chất liệu Đồng, màu Vàng bóng PVD. Liên hệ Keybolts: 19009018."
151,Khóa Đồng Đại Sảnh KB 1700-XL-YB,KB 1700-XL-YB,KHÓA TAY GẠT ĐỒNG ĐẠI SẢNH,Vàng YB,Đồng,,Liên hệ,Liên hệ : 19009018,day_du,,https://keybolts.com.vn/khoa-dong-dai-sanh-kb-1700-xl-yb,,Khóa Đồng Đại Sảnh KB 1700-XL-YB | Keybolts,"Khóa Đồng Đại Sảnh KB 1700-XL-YB, mã KB 1700-XL-YB, khóa tay gạt đồng đại sảnh, chất liệu Đồng, màu Vàng YB. Liên hệ Keybolts: 19009018."
152,Khóa Đồng Đại Sảnh KB 1701-XL-DSF,KB 1701-XL-DSF,KHÓA TAY GẠT ĐỒNG ĐẠI SẢNH,Rêu DSF,Đồng,,Liên hệ,Liên hệ : 19009018,day_du,,https://keybolts.com.vn/khoa-dong-dai-sanh-kb-1701-xl-dsf,,Khóa Đồng Đại Sảnh KB 1701-XL-DSF | Keybolts,"Khóa Đồng Đại Sảnh KB 1701-XL-DSF, mã KB 1701-XL-DSF, khóa tay gạt đồng đại sảnh, chất liệu Đồng, màu Rêu DSF. Liên hệ Keybolts: 19009018."
153,Khóa Đồng Đại Sảnh KB 1701-XL-PVD,KB 1701-XL-PVD,KHÓA TAY GẠT ĐỒNG ĐẠI SẢNH,Vàng bóng PVD,Đồng,,Liên hệ,Liên hệ : 19009018,day_du,,https://keybolts.com.vn/khoa-dong-dai-sanh-kb-1701-xl-pvd,,Khóa Đồng Đại Sảnh KB 1701-XL-PVD | Keybolts,"Khóa Đồng Đại Sảnh KB 1701-XL-PVD, mã KB 1701-XL-PVD, khóa tay gạt đồng đại sảnh, chất liệu Đồng, màu Vàng bóng PVD. Liên hệ Keybolts: 19009018."
154,Khóa đồng đại sảnh KB 1701XL-RG,KB 1701XL-RG,KHÓA TAY GẠT ĐỒNG ĐẠI SẢNH,Vàng RG,Đồng thau,,Liên hệ,Liên hệ : 19009018,day_du,,https://keybolts.com.vn/khoa-dong-dai-sanh-kb-1701xl-rg,,Khóa đồng đại sảnh KB 1701XL-RG | Keybolts,"Khóa đồng đại sảnh KB 1701XL-RG, mã KB 1701XL-RG, khóa tay gạt đồng đại sảnh, chất liệu Đồng thau, màu Vàng RG. Liên hệ Keybolts: 19009018."
155,Khóa Đồng Đại Sảnh KB 36101-XL-DSF,KB 36101-XL-DSF,KHÓA TAY GẠT ĐỒNG ĐẠI SẢNH,Rêu DSF,Inox không gỉ và chốt đồng lõi thép kép,,Liên hệ,Liên hệ : 19009018,day_du,,https://keybolts.com.vn/khoa-dong-dai-sanh-kb-36101-xl-dsf,,Khóa Đồng Đại Sảnh KB 36101-XL-DSF | Keybolts,"Khóa Đồng Đại Sảnh KB 36101-XL-DSF, mã KB 36101-XL-DSF, khóa tay gạt đồng đại sảnh, chất liệu Inox không gỉ và chốt đồng lõi thép kép, màu Rêu DSF. Liên hệ"
156,Khóa Đồng Đại Sảnh KB 8110-XL-DSF,KB 8110-XL-DSF,KHÓA TAY GẠT ĐỒNG ĐẠI SẢNH,Rêu DSF,Đồng,,Liên hệ,Liên hệ : 19009018,day_du,,https://keybolts.com.vn/khoa-dong-dai-sanh-kb-8110-xl-dsf,,Khóa Đồng Đại Sảnh KB 8110-XL-DSF | Keybolts,"Khóa Đồng Đại Sảnh KB 8110-XL-DSF, mã KB 8110-XL-DSF, khóa tay gạt đồng đại sảnh, chất liệu Đồng, màu Rêu DSF. Liên hệ Keybolts: 19009018."
157,Khóa Đồng Đại Sảnh KB 8110-XL-PVD,KB 8110-XL-PVD,KHÓA TAY GẠT ĐỒNG ĐẠI SẢNH,Vàng bóng PVD,Đồng,,Liên hệ,Liên hệ : 19009018,day_du,,https://keybolts.com.vn/khoa-dong-dai-sanh-kb-8110-xl-pvd,,Khóa Đồng Đại Sảnh KB 8110-XL-PVD | Keybolts,"Khóa Đồng Đại Sảnh KB 8110-XL-PVD, mã KB 8110-XL-PVD, khóa tay gạt đồng đại sảnh, chất liệu Đồng, màu Vàng bóng PVD. Liên hệ Keybolts: 19009018."
158,Khóa Đồng Đại Sảnh KB K33-XL-DSF,KB K33-XL-DSF,KHÓA TAY GẠT ĐỒNG ĐẠI SẢNH,Rêu DSF,Đồng,,Liên hệ,Liên hệ : 19009018,day_du,,https://keybolts.com.vn/khoa-dong-dai-sanh-kb-k33-xl-dsf,,Khóa Đồng Đại Sảnh KB K33-XL-DSF | Keybolts,"Khóa Đồng Đại Sảnh KB K33-XL-DSF, mã KB K33-XL-DSF, khóa tay gạt đồng đại sảnh, chất liệu Đồng, màu Rêu DSF. Liên hệ Keybolts: 19009018."
159,Khóa Đồng Đại Sảnh KB K33-XL-PVD,KB K33-XL-PVD,KHÓA TAY GẠT ĐỒNG ĐẠI SẢNH,Vàng bóng PVD,Đồng,,Liên hệ,Liên hệ : 19009018,day_du,,https://keybolts.com.vn/khoa-dong-dai-sanh-kb-k33-xl-pvd,,Khóa Đồng Đại Sảnh KB K33-XL-PVD | Keybolts,"Khóa Đồng Đại Sảnh KB K33-XL-PVD, mã KB K33-XL-PVD, khóa tay gạt đồng đại sảnh, chất liệu Đồng, màu Vàng bóng PVD. Liên hệ Keybolts: 19009018."
160,Khóa Đồng Đại Sảnh KB-K60-XL-PVD,KB-K60-XL-PVD,KHÓA TAY GẠT ĐỒNG ĐẠI SẢNH,Vàng bóng PVD,Đồng thau,,Liên hệ,Liên hệ : 19009018,day_du,,https://keybolts.com.vn/khoa-dong-dai-sanh-kb-k60-xl-pvd,,Khóa Đồng Đại Sảnh KB-K60-XL-PVD | Keybolts,"Khóa Đồng Đại Sảnh KB-K60-XL-PVD, mã KB-K60-XL-PVD, khóa tay gạt đồng đại sảnh, chất liệu Đồng thau, màu Vàng bóng PVD. Liên hệ Keybolts: 19009018."
161,Khóa Đồng Đại Sảnh VIP KB AT998-XXL-24K,KB AT998-XXL-24K,KHOÁ ĐỒNG ĐẠI SẢNH FULL SIZE,Vàng 24K,Đồng thau,,Liên hệ,Liên hệ : 19009018,day_du,,https://keybolts.com.vn/khoa-dong-dai-sanh-vip-kb-at998-xxl-24k,,Khóa Đồng Đại Sảnh VIP KB AT998-XXL-24K | Keybolts,"Khóa Đồng Đại Sảnh VIP KB AT998-XXL-24K, mã KB AT998-XXL-24K, khoá đồng đại sảnh full size, chất liệu Đồng thau, màu Vàng 24K. Liên hệ Keybolts: 19009018."
162,Khóa Đồng Đại Sảnh VIP KB AT998-XXL-RG,KB AT998-XXL-RG,KHOÁ ĐỒNG ĐẠI SẢNH FULL SIZE,Vàng RG,Đồng,,Liên hệ,Liên hệ : 19009018,day_du,,https://keybolts.com.vn/khoa-dong-dai-sanh-vip-kb-at998-xxl-rg,,Khóa Đồng Đại Sảnh VIP KB AT998-XXL-RG | Keybolts,"Khóa Đồng Đại Sảnh VIP KB AT998-XXL-RG, mã KB AT998-XXL-RG, khoá đồng đại sảnh full size, chất liệu Đồng, màu Vàng RG. Liên hệ Keybolts: 19009018."
163,Khóa Đồng Đại Sảnh VIP 1000mm KB-1001-XXL-24K,KB-1001-XXL-24K,KHOÁ ĐỒNG ĐẠI SẢNH FULL SIZE,Vàng 24K,Đồng,,Liên hệ,Liên hệ : 19009018,day_du,,https://keybolts.com.vn/khoa-dong-dai-sanh-vip-1000mm-kb-1001-xxl-24k,,Khóa Đồng Đại Sảnh VIP 1000mm KB-1001-XXL-24K | Keybolts,"Khóa Đồng Đại Sảnh VIP 1000mm KB-1001-XXL-24K, mã KB-1001-XXL-24K, khoá đồng đại sảnh full size, chất liệu Đồng, màu Vàng 24K. Liên hệ Keybolts: 19009018."
164,Khóa Đồng Đại Sảnh VIP 1000mm KB-1001-XXL-ACU,KB-1001-XXL-ACU,KHOÁ ĐỒNG ĐẠI SẢNH FULL SIZE,Đồng ACU,"Thân củ Mỹ, chốt đồng lõi thép kép",,Liên hệ,Liên hệ : 19009018,day_du,,https://keybolts.com.vn/khoa-dong-dai-sanh-vip-1000mm-kb-1001-xxl-acu,,Khóa Đồng Đại Sảnh VIP 1000mm KB-1001-XXL-ACU | Keybolts,"Khóa Đồng Đại Sảnh VIP 1000mm KB-1001-XXL-ACU, mã KB-1001-XXL-ACU, khoá đồng đại sảnh full size, chất liệu Thân củ Mỹ, chốt đồng lõi thép kép, màu Đồng"
165,Khóa Đồng Đại Sảnh VIP 900mm KB 1402-XXL-24K,KB 1402-XXL-24K,KHOÁ ĐỒNG ĐẠI SẢNH FULL SIZE,Vàng 24K,"Thân củ Mỹ, chốt đồng lõi thép kép",,Liên hệ,Liên hệ : 19009018,day_du,,https://keybolts.com.vn/khoa-dong-dai-sanh-vip-900mm-kb-1402-xxl-24k,,Khóa Đồng Đại Sảnh VIP 900mm KB 1402-XXL-24K | Keybolts,"Khóa Đồng Đại Sảnh VIP 900mm KB 1402-XXL-24K, mã KB 1402-XXL-24K, khoá đồng đại sảnh full size, chất liệu Thân củ Mỹ, chốt đồng lõi thép kép, màu Vàng 24K"
166,Khóa Đồng Đại Sảnh VIP 900mm KB 1402-XXL-RG,KB 1402-XXL-RG,KHOÁ ĐỒNG ĐẠI SẢNH FULL SIZE,Vàng RG,"Thân củ Mỹ, chốt đồng lõi thép kép",,Liên hệ,Liên hệ : 19009018,day_du,,https://keybolts.com.vn/khoa-dong-dai-sanh-vip-900mm-kb-1402-xxl-rg,,Khóa Đồng Đại Sảnh VIP 900mm KB 1402-XXL-RG | Keybolts,"Khóa Đồng Đại Sảnh VIP 900mm KB 1402-XXL-RG, mã KB 1402-XXL-RG, khoá đồng đại sảnh full size, chất liệu Thân củ Mỹ, chốt đồng lõi thép kép, màu Vàng RG"
167,Khóa Đồng Đại Sảnh VIP 900mm KB 1403-XXL-24K,KB 1403-XXL-24K,KHOÁ ĐỒNG ĐẠI SẢNH FULL SIZE,Vàng 24K,"Thân củ Mỹ, chốt đồng lõi thép kép",,Liên hệ,Liên hệ : 19009018,day_du,,https://keybolts.com.vn/khoa-dong-dai-sanh-vip-900mm-kb-1403-xxl-24k,,Khóa Đồng Đại Sảnh VIP 900mm KB 1403-XXL-24K | Keybolts,"Khóa Đồng Đại Sảnh VIP 900mm KB 1403-XXL-24K, mã KB 1403-XXL-24K, khoá đồng đại sảnh full size, chất liệu Thân củ Mỹ, chốt đồng lõi thép kép, màu Vàng 24K"
168,Khóa Đồng Đại Sảnh VIP 900mm KB 1403-XXL-ACU,KB 1403-XXL-ACU,KHOÁ ĐỒNG ĐẠI SẢNH FULL SIZE,Đồng ACU,"Thân củ Mỹ, chốt đồng lõi thép kép",,Liên hệ,Liên hệ : 19009018,day_du,,https://keybolts.com.vn/khoa-dong-dai-sanh-vip-900mm-kb-1403-xxl-acu,,Khóa Đồng Đại Sảnh VIP 900mm KB 1403-XXL-ACU | Keybolts,"Khóa Đồng Đại Sảnh VIP 900mm KB 1403-XXL-ACU, mã KB 1403-XXL-ACU, khoá đồng đại sảnh full size, chất liệu Thân củ Mỹ, chốt đồng lõi thép kép, màu Đồng ACU"
169,Khóa Đồng Đại Sảnh VIP 900mm KB 8110-XXL-DSF,KB 8110-XXL-DSF,KHOÁ ĐỒNG ĐẠI SẢNH FULL SIZE,Rêu DSF,Đồng thau,,Liên hệ,Liên hệ : 19009018,day_du,,https://keybolts.com.vn/khoa-dong-dai-sanh-vip-900mm-kb-8110-xxl-dsf,,Khóa Đồng Đại Sảnh VIP 900mm KB 8110-XXL-DSF | Keybolts,"Khóa Đồng Đại Sảnh VIP 900mm KB 8110-XXL-DSF, mã KB 8110-XXL-DSF, khoá đồng đại sảnh full size, chất liệu Đồng thau, màu Rêu DSF. Liên hệ Keybolts"
170,Khóa Đồng Đại Sảnh VIP 900mm KB 8110B-XXL-24K,KB 8110-XXL-PVD,KHOÁ ĐỒNG ĐẠI SẢNH FULL SIZE,Vàng 24K,Đồng,,Liên hệ,Liên hệ : 19009018,day_du,,https://keybolts.com.vn/khoa-dong-dai-sanh-vip-900mm-kb-8110b-xxl-24k,,Khóa Đồng Đại Sảnh VIP 900mm KB 8110B-XXL-24K | Keybolts,"Khóa Đồng Đại Sảnh VIP 900mm KB 8110B-XXL-24K, mã KB 8110-XXL-PVD, khoá đồng đại sảnh full size, chất liệu Đồng, màu Vàng 24K. Liên hệ Keybolts: 19009018."
171,Mắt Thần INOX Cao Cấp Gắn Cửa,Mắt Thần INOX,PHỤ KIỆN CỬA GỖ,Màu INOX,INOX 201,"CE, CFF",Liên hệ,Liên hệ : 19009018,day_du,,https://keybolts.com.vn/mat-than-inox-cao-cap-gan-cua,,Mắt Thần INOX Cao Cấp Gắn Cửa | Keybolts,"Mắt Thần INOX Cao Cấp Gắn Cửa, mã Mắt Thần INOX, phụ kiện cửa gỗ, chất liệu INOX 201, màu Màu INOX. Liên hệ Keybolts: 19009018."
172,Mắt Thần Vàng Cao Cấp Gắn Cửa,Mắt Thần Vàng,PHỤ KIỆN CỬA GỖ,Vàng 24K,Đồng,"CE, CFF",Liên hệ,Liên hệ : 19009018,day_du,,https://keybolts.com.vn/mat-than-vang-cao-cap-gan-cua,,Mắt Thần Vàng Cao Cấp Gắn Cửa | Keybolts,"Mắt Thần Vàng Cao Cấp Gắn Cửa, mã Mắt Thần Vàng, phụ kiện cửa gỗ, chất liệu Đồng, màu Vàng 24K. Liên hệ Keybolts: 19009018."
173,Núm HK Ngọc Hoa 250,,PHỤ KIỆN CỬA GỖ,,Đồng,"CFF, CE",Liên hệ,Liên hệ : 19009018,day_du,,https://keybolts.com.vn/num-hk-ngoc-hoa-250,,Núm HK Ngọc Hoa 250 | Keybolts,"Núm HK Ngọc Hoa 250, phụ kiện cửa gỗ, chất liệu Đồng. Liên hệ Keybolts: 19009018."
174,Núm HK Ngọc Trơn 260,,PHỤ KIỆN CỬA GỖ,,Đồng,"CFF, CE",Liên hệ,Liên hệ : 19009018,day_du,,https://keybolts.com.vn/num-hk-ngoc-tron-260,,Núm HK Ngọc Trơn 260 | Keybolts,"Núm HK Ngọc Trơn 260, phụ kiện cửa gỗ, chất liệu Đồng. Liên hệ Keybolts: 19009018."
175,TAY CO HK NGỌC 608 -Size-128,,PHỤ KIỆN CỬA GỖ,,Đồng,"CFF, CE",Liên hệ,Liên hệ : 19009018,day_du,,https://keybolts.com.vn/tay-co-hk-ngoc-608-size-128,,TAY CO HK NGỌC 608 -Size-128 | Keybolts,"TAY CO HK NGỌC 608 -Size-128, phụ kiện cửa gỗ, chất liệu Đồng. Liên hệ Keybolts: 19009018."
176,TAY CO HK NGỌC 608 -Size-96,,PHỤ KIỆN CỬA GỖ,,Đồng,"CFF, CE",Liên hệ,Liên hệ : 19009018,day_du,,https://keybolts.com.vn/tay-co-hk-ngoc-608-size-96,,TAY CO HK NGỌC 608 -Size-96 | Keybolts,"TAY CO HK NGỌC 608 -Size-96, phụ kiện cửa gỗ, chất liệu Đồng. Liên hệ Keybolts: 19009018."
177,TAY CO HK NGỌC 613 -Size-128,,PHỤ KIỆN CỬA GỖ,,Đồng,"CFF, CE",Liên hệ,Liên hệ : 19009018,day_du,,https://keybolts.com.vn/tay-co-hk-ngoc-613-size-128,,TAY CO HK NGỌC 613 -Size-128 | Keybolts,"TAY CO HK NGỌC 613 -Size-128, phụ kiện cửa gỗ, chất liệu Đồng. Liên hệ Keybolts: 19009018."
178,TAY CO HK NGỌC 613 -Size-96,,PHỤ KIỆN CỬA GỖ,,Đồng,"CFF, CE",Liên hệ,Liên hệ : 19009018,day_du,,https://keybolts.com.vn/tay-co-hk-ngoc-613-size-96,,TAY CO HK NGỌC 613 -Size-96 | Keybolts,"TAY CO HK NGỌC 613 -Size-96, phụ kiện cửa gỗ, chất liệu Đồng. Liên hệ Keybolts: 19009018."
179,TAY CO HK NGỌC 613 -Size-96,,PHỤ KIỆN CỬA GỖ,,Đồng,"CFF, CE",Liên hệ,Liên hệ : 19009018,day_du,,https://keybolts.com.vn/tay-co-hk-ngoc-613-size-96-0,,TAY CO HK NGỌC 613 -Size-96 | Keybolts,"TAY CO HK NGỌC 613 -Size-96, phụ kiện cửa gỗ, chất liệu Đồng. Liên hệ Keybolts: 19009018."
180,TAY CO HK NGỌC 614 -Size-128,,PHỤ KIỆN CỬA GỖ,,Đồng,"CFF, CE",Liên hệ,Liên hệ : 19009018,day_du,,https://keybolts.com.vn/tay-co-hk-ngoc-614-size-128,,TAY CO HK NGỌC 614 -Size-128 | Keybolts,"TAY CO HK NGỌC 614 -Size-128, phụ kiện cửa gỗ, chất liệu Đồng. Liên hệ Keybolts: 19009018."
181,TAY CO HK NGỌC 614 -Size-96,,PHỤ KIỆN CỬA GỖ,,Đồng,"CFF, CE",Liên hệ,Liên hệ : 19009018,day_du,,https://keybolts.com.vn/tay-co-hk-ngoc-614-size-96,,TAY CO HK NGỌC 614 -Size-96 | Keybolts,"TAY CO HK NGỌC 614 -Size-96, phụ kiện cửa gỗ, chất liệu Đồng. Liên hệ Keybolts: 19009018."
182,TAY CO HK TRƠN 608 -Size-128,,PHỤ KIỆN CỬA GỖ,,Đồng,"CFF, CE",Liên hệ,Liên hệ : 19009018,day_du,,https://keybolts.com.vn/tay-co-hk-tron-608-size-128,,TAY CO HK TRƠN 608 -Size-128 | Keybolts,"TAY CO HK TRƠN 608 -Size-128, phụ kiện cửa gỗ, chất liệu Đồng. Liên hệ Keybolts: 19009018."
183,TAY CO HK TRƠN 608 -Size-96,,PHỤ KIỆN CỬA GỖ,,Đồng,"CFF, CE",Liên hệ,Liên hệ : 19009018,day_du,,https://keybolts.com.vn/tay-co-hk-tron-608-size-96,,TAY CO HK TRƠN 608 -Size-96 | Keybolts,"TAY CO HK TRƠN 608 -Size-96, phụ kiện cửa gỗ, chất liệu Đồng. Liên hệ Keybolts: 19009018."
184,TAY CO HK TRƠN 613 -Size-128,,PHỤ KIỆN CỬA GỖ,,Đồng,"CFF, CE",Liên hệ,Liên hệ : 19009018,day_du,,https://keybolts.com.vn/tay-co-hk-tron-613-size-128,,TAY CO HK TRƠN 613 -Size-128 | Keybolts,"TAY CO HK TRƠN 613 -Size-128, phụ kiện cửa gỗ, chất liệu Đồng. Liên hệ Keybolts: 19009018."
185,TAY CO HK TRƠN 614 -Size-128,,PHỤ KIỆN CỬA GỖ,,Đồng,"CFF, CE",Liên hệ,Liên hệ : 19009018,day_du,,https://keybolts.com.vn/tay-co-hk-tron-614-size-128,,TAY CO HK TRƠN 614 -Size-128 | Keybolts,"TAY CO HK TRƠN 614 -Size-128, phụ kiện cửa gỗ, chất liệu Đồng. Liên hệ Keybolts: 19009018."
186,TAY CO HK TRƠN 614 -Size-96,,PHỤ KIỆN CỬA GỖ,,Đồng,"CFF, CE",Liên hệ,Liên hệ : 19009018,day_du,,https://keybolts.com.vn/tay-co-hk-tron-614-size-96,,TAY CO HK TRƠN 614 -Size-96 | Keybolts,"TAY CO HK TRƠN 614 -Size-96, phụ kiện cửa gỗ, chất liệu Đồng. Liên hệ Keybolts: 19009018."
187,Trùy Trống Đồng PD01,PD01,PHỤ KIỆN CỬA GỖ,Vàng 24K,Đồng thau,"CE, CFF",Liên hệ,Liên hệ : 19009018,day_du,,https://keybolts.com.vn/truy-trong-dong-pd01,,Trùy Trống Đồng PD01 | Keybolts,"Trùy Trống Đồng PD01, mã PD01, phụ kiện cửa gỗ, chất liệu Đồng thau, màu Vàng 24K. Liên hệ Keybolts: 19009018."
188,Trùy Đĩa Cổng Gỗ DP03,DP03,PHỤ KIỆN CỬA GỖ,Vàng bóng PVD,Đồng thau,"CE, CFF",Liên hệ,Liên hệ : 19009018,day_du,,https://keybolts.com.vn/truy-dia-cong-go-dp03,,Trùy Đĩa Cổng Gỗ DP03 | Keybolts,"Trùy Đĩa Cổng Gỗ DP03, mã DP03, phụ kiện cửa gỗ, chất liệu Đồng thau, màu Vàng bóng PVD. Liên hệ Keybolts: 19009018."
189,Trùy Đĩa Cổng Gỗ TD03,TD03,PHỤ KIỆN CỬA GỖ,Vàng bóng PVD,Đồng thau,"CE, CFF",Liên hệ,Liên hệ : 19009018,day_du,,https://keybolts.com.vn/truy-dia-cong-go-td03,,Trùy Đĩa Cổng Gỗ TD03 | Keybolts,"Trùy Đĩa Cổng Gỗ TD03, mã TD03, phụ kiện cửa gỗ, chất liệu Đồng thau, màu Vàng bóng PVD. Liên hệ Keybolts: 19009018."
190,Trùy Đồng Mặt Bích TD01,TD01,PHỤ KIỆN CỬA GỖ,Vàng 24K,Đồng thau,"CE, CFF",Liên hệ,Liên hệ : 19009018,day_du,,https://keybolts.com.vn/truy-dong-mat-bich-td01,,Trùy Đồng Mặt Bích TD01 | Keybolts,"Trùy Đồng Mặt Bích TD01, mã TD01, phụ kiện cửa gỗ, chất liệu Đồng thau, màu Vàng 24K. Liên hệ Keybolts: 19009018."
191,Tủ kho mở cách dạng hộp 450mm,,PHỤ KIỆN TỦ-BẾP,Màu INOX,Inox,"CE, CFF",Liên hệ,Liên hệ : 19009018,day_du,,https://keybolts.com.vn/tu-kho-mo-cach-dang-hop-450mm,,Tủ kho mở cách dạng hộp 450mm | Keybolts,"Tủ kho mở cách dạng hộp 450mm, phụ kiện tủ-bếp, chất liệu Inox, màu Màu INOX. Liên hệ Keybolts: 19009018."
192,Tủ kho mở cách dạng hộp 600mm,,PHỤ KIỆN TỦ-BẾP,,Inox,"CE, CFF",Liên hệ,Liên hệ : 19009018,day_du,,https://keybolts.com.vn/tu-kho-mo-cach-dang-hop-600mm,,Tủ kho mở cách dạng hộp 600mm | Keybolts,"Tủ kho mở cách dạng hộp 600mm, phụ kiện tủ-bếp, chất liệu Inox. Liên hệ Keybolts: 19009018."